qid,abstractqueryexpansion,abstractqueryexpansion.qld.map,star_model_count,method.1,metric.1,query.1,method.2,metric.2,query.2,method.3,metric.3,query.3,method.4,metric.4,query.4,method.5,metric.5,query.5,method.6,metric.6,query.6,method.7,metric.7,query.7,method.8,metric.8,query.8,method.9,metric.9,query.9,method.10,metric.10,query.10,method.11,metric.11,query.11,method.12,metric.12,query.12,method.13,metric.13,query.13,method.14,metric.14,query.14,method.15,metric.15,query.15,method.16,metric.16,query.16,method.17,metric.17,query.17,method.18,metric.18,query.18
701,U S  oil industry history ,0.0211,2,tagmee.topn3,0.0278,u s  oil industry history Petroleum ,conceptluster.topn5.3.qld,0.0278,u s  oil industry history petroleum ,,,,,,,,,,,,,,,,,,,,,,,,,,,,,,,,,,,,,,,,,,,,,,,,
702,Pearl farming ,0.0608,6,onfields.topn3.10.4.0.25.qld,0.386,"{'farm': 2, 'pearl': 2, 'cultur': 1.561, 'japan': 1.457, 'oyster': 1.22, 'toba': 1.207, 'nec': 1.134, 'matsushima': 1.098, 'allsector': 1.073, 'oilse': 1.073, '2002naic': 1.037} ",thesaurus.topn3,0.1608,pearl farming  jewel nacre  agriculture breeding ,termluster.topn5.3.qld,0.1346,pearl farming product fish ,bertqe.topn10.qld,0.1202,"{'Pearl farming': 1.5, 'pearl farm established': 1.0, 'pearl farms  james peach ': 0.9636363636363637, 'farm pearl harvest  blockquote   td   td': 0.9636363636363637, 'pearl farms tennessee': 0.8545454545454545, 'aquaculture  cultured pearl production ': 0.8545454545454545} ",wiki.topn3,0.1058,pearl farming pearls jewellery components gemstone Pearl ,wiki.topn3.replace,0.0893,pearls jewellery components gemstone Pearl ,,,,,,,,,,,,,,,,,,,,,,,,,,,,,,,,,,,,
703,U S  against International Criminal Court ,,0,,,,,,,,,,,,,,,,,,,,,,,,,,,,,,,,,,,,,,,,,,,,,,,,,,,,,,
704,Green party political views ,0.1778,0,,,,,,,,,,,,,,,,,,,,,,,,,,,,,,,,,,,,,,,,,,,,,,,,,,,,,,
705,Iraq foreign debt reduction ,0.2673,5,tagmee.topn3,0.4569,iraq foreign debt reduction Iraq External debt Debt ,tagmee.topn3.replace,0.3636,Iraq External debt Debt ,bertqe.topn10.qld,0.2851,"{'Iraq foreign debt reduction': 1.5, 'reducing iraq s debt': 1.0, 'substantial iraqi debt reduction  a   br  09': 1.0, 'debt reduction iraq': 0.9500000000000002, 'iraqi debt reduction  a   br  16 dec': 0.8500000000000001, 'iraq s foreign debt payments': 0.75} ",stem.lovins,0.2761,iraq foreign debt reduc ,stem.paicehusk,0.2761,iraq foreign debt reduc ,,,,,,,,,,,,,,,,,,,,,,,,,,,,,,,,,,,,,,,
706,Controlling type II diabetes ,0.1465,3,sensedisambiguation,0.1568,Controlling see type II two diabetes ,relevancefeedback.topn10.qld,0.1468,controlling type ii diabetes diabet ,docluster.topn10.3.qld,0.1468,controlling type ii diabetes diabet ,,,,,,,,,,,,,,,,,,,,,,,,,,,,,,,,,,,,,,,,,,,,,
707,Aspirin cancer prevention ,0.4181,3,tagmee.topn3.replace,0.4682,Aspirin Cancer Cancer prevention ,tagmee.topn3,0.4672,aspirin cancer prevention Aspirin Cancer Cancer prevention ,termluster.topn5.3.qld,0.4292,aspirin cancer prevention cancer colon effect aspirin colon effect year studi screen ,,,,,,,,,,,,,,,,,,,,,,,,,,,,,,,,,,,,,,,,,,,,,
708,Decorative slate sources ,0.2576,1,relevancefeedback.topn10.qld,0.2789,decorative slate sources stone roof ,,,,,,,,,,,,,,,,,,,,,,,,,,,,,,,,,,,,,,,,,,,,,,,,,,,
709,Horse racing jockey weight ,0.7709,3,sensedisambiguation,0.804,Horse sawhorse racing rush jockey weight weight unit ,anchor.topn3,0.7865,horse racing jockey weight samaraa general virginia al diwaniya morabilla eroticid lungitz kheawcha oum sa nanwai jockey  weight maximum ccir     high molecular ,onfields.topn3.10.4.0.25.qld,0.7846,"{'weight': 2, 'jockey': 2, 'race': 2, 'hors': 2, 'msolevelnumberpositionleft': 1.25, 'steward': 1.203, 'textindent5in': 1.081, 'msoleveltabstop5in': 1.068, 'marginleft5in': 1.068, 'textindent75in': 1.053, 'textindent10in': 1.053, 'marginleft10in': 1.049} ",,,,,,,,,,,,,,,,,,,,,,,,,,,,,,,,,,,,,,,,,,,,,
710,Prostate cancer treatments ,0.4807,0,,,,,,,,,,,,,,,,,,,,,,,,,,,,,,,,,,,,,,,,,,,,,,,,,,,,,,
711,Train station security measures ,0.059,2,rm3.topn10.10.0.5.qld,0.2915,measur train secur protect transit station personnel attack facil threat amtrak ,relevancefeedback.topn10.qld,0.2425,train station security measures measur naval amtrak secur transport transit ,,,,,,,,,,,,,,,,,,,,,,,,,,,,,,,,,,,,,,,,,,,,,,,,
712,Pyramid scheme ,0.5687,0,,,,,,,,,,,,,,,,,,,,,,,,,,,,,,,,,,,,,,,,,,,,,,,,,,,,,,
713,Chesapeake Bay Maryland clean ,0.3134,0,,,,,,,,,,,,,,,,,,,,,,,,,,,,,,,,,,,,,,,,,,,,,,,,,,,,,,
714,License restrictions older drivers ,0.1482,2,relevancefeedback.topn10.qld,0.1772,license restrictions older drivers renew licens driver restrict ,docluster.topn10.3.qld,0.1772,license restrictions older drivers renew    driver licens restrict ,,,,,,,,,,,,,,,,,,,,,,,,,,,,,,,,,,,,,,,,,,,,,,,,
715,Schizophrenia drugs ,0.1559,0,,,,,,,,,,,,,,,,,,,,,,,,,,,,,,,,,,,,,,,,,,,,,,,,,,,,,,
716,Spammer arrest sue ,0.1113,5,tagmee.topn3,0.1972,spammer arrest sue Spamming Arrest Lawsuit ,conceptluster.topn5.3.qld,0.1972,spammer arrest sue spamming arrest lawsuit ,sensedisambiguation.replace,0.1501,spammer halt sue ,sensedisambiguation,0.1392,Spammer arrest halt sue ,tagmee.topn3.replace,0.1119,Spamming Arrest Lawsuit ,,,,,,,,,,,,,,,,,,,,,,,,,,,,,,,,,,,,,,,
717,Gifted talented student programs ,0.3678,1,relevancefeedback.topn10.qld,0.3773,gifted talented student programs gift ,,,,,,,,,,,,,,,,,,,,,,,,,,,,,,,,,,,,,,,,,,,,,,,,,,,
718,Controlling acid rain ,0.3188,0,,,,,,,,,,,,,,,,,,,,,,,,,,,,,,,,,,,,,,,,,,,,,,,,,,,,,,
719,Cruise ship damage sea life ,0.061,8,bertqe.topn10.qld,0.1578,"{'Cruise ship damage sea life': 1.5, 'cruise ships sensitive ecosystems16': 1.0, 'marine pollution cruise ships ': 0.9705882352941176, 'impacts cruise ships': 0.47058823529411764, 'toxic hazardous cruise ship': 0.5294117647058824, 'impacts cruise ship': 0.5} ",onfields.topn3.10.4.0.25.qld,0.1206,"{'life': 2, 'sea': 2, 'damag': 2, 'ship': 2, 'cruis': 2, 'discharg': 1.391, 'oil': 1.344, 'wast': 1.304, 'environment': 1.299, 'spill': 1.116, 'sewag': 1.101, 'caribbean': 1.093, 'respons': 1.076, 'imo': 1.071} ",tagmee.topn3,0.1057,cruise ship damage sea life Cruise ship Marine biology ,glove.topn3,0.1037,cruise ship damage sea life ship vessel caused ocean waters lives even ,tagmee.topn3.replace,0.0892,Cruise ship Marine biology ,anchor.topn3,0.0669,cruise ship damage sea life kommuna   cunnari communa   normalhöhennul  trsa    vega apicomplexan kdblife nánjīng    small ,conceptluster.topn5.3.qld,0.0659,cruise ship damage sea life marine biology ,wiki.topn3,0.0646,cruise ship damage sea life cruisline cruise ship templates holland america line Cruise ship plankton oceanography ocean current Marine biology ,,,,,,,,,,,,,,,,,,,,,,,,,,,,,,
720,Federal welfare reform ,0.2937,0,,,,,,,,,,,,,,,,,,,,,,,,,,,,,,,,,,,,,,,,,,,,,,,,,,,,,,
721,Census data applications ,0.0607,0,,,,,,,,,,,,,,,,,,,,,,,,,,,,,,,,,,,,,,,,,,,,,,,,,,,,,,
722,Iran terrorism ,0.4926,0,,,,,,,,,,,,,,,,,,,,,,,,,,,,,,,,,,,,,,,,,,,,,,,,,,,,,,
723,Executive privilege ,0.1191,4,docluster.topn10.3.qld,0.2764,executive privilege document staff presid ,relevancefeedback.topn10.qld,0.2156,executive privilege privileg staff document presid committe ,onfields.topn3.10.4.0.25.qld,0.1346,"{'execut': 2, 'staff': 2.0, 'privileg': 2, 'committe': 1.895, 'presidenti': 1.276, 'profession': 1.229, 'bylaw': 1.213, 'hous': 1.205, 'practition': 1.204, 'oic': 1.127, 'f2d': 1.105} ",adaponfields.topn3.exrobust04.2.25.1.10.4.0.25.qld,0.1314,"{'execut': 2, 'privileg': 2, 'reagan': 2.0, 'former': 1.514, 'poindext': 1.471, 'lawyer': 1.271, 'videotap': 1.271, 'diari': 1.186, 'irancontra': 1.157, 'defens': 1.129, 'secord': 1.071, 'decis': 1.057} ",,,,,,,,,,,,,,,,,,,,,,,,,,,,,,,,,,,,,,,,,,
724,Iran Contra ,0.1939,4,rm3.topn10.10.0.5.qld,0.2862,cia hi drug affair casei      iran contra fiction ,adaponfields.topn3.exrobust04.2.25.1.10.4.0.25.qld,0.2688,"{'iran': 2, 'contra': 2, 'reagan': 1.841, 'irancontra': 1.58, 'poindext': 1.449, 'hous': 1.246, 'scandal': 1.159, 'advis': 1.13, 'releas': 1.13, 'inkl': 1.058, 'contrag': 1.029, 'exwhit': 1.029} ",relevancefeedback.topn10.qld,0.2525,iran contra defend   cia casei ,conceptluster.topn5.3.qld,0.194,iran contra iran contra affair ,,,,,,,,,,,,,,,,,,,,,,,,,,,,,,,,,,,,,,,,,,
725,Low white blood cell count ,0.2302,0,,,,,,,,,,,,,,,,,,,,,,,,,,,,,,,,,,,,,,,,,,,,,,,,,,,,,,
726,Hubble telescope repairs ,0.5128,0,,,,,,,,,,,,,,,,,,,,,,,,,,,,,,,,,,,,,,,,,,,,,,,,,,,,,,
727,Church arson ,0.447,2,sensedisambiguation,0.4856,Church church service arson ,termluster.topn5.3.qld,0.4762,church arson arson baptist build baptist build charg ,,,,,,,,,,,,,,,,,,,,,,,,,,,,,,,,,,,,,,,,,,,,,,,,
728,whales save endangered ,0.4756,1,relevancefeedback.topn10.qld,0.488,whales save endangered whale endang ,,,,,,,,,,,,,,,,,,,,,,,,,,,,,,,,,,,,,,,,,,,,,,,,,,,
729,Whistle blower department of defense ,0.0026,16,glove.topn3,0.08800000000000001,whistle blower department defense blowing whistleblower administration defence ,word2vec.topn3,0.05,whistle blower department defense swanee whistle blowing dept defence ,tagmee.topn3,0.0314,whistle blower department defense Whistleblower United States Department of Defense ,conceptluster.topn5.3.qld,0.0314,whistle blower department defense united states department defense whistleblower ,bertqe.topn10.qld,0.0234,"{'Whistle blower department of defense': 1.5, 'whistleblower information disclosed 1530016 investigation': 1.0, 'federal intervention whistleblower': 0.9057331863285557, 'facearial  helvetica  sansserif size2   b  section 18500  whistle blower ': 0.5132304299889747, 'bureau investigation  us ': 0.509922822491731, 'whistleblower lawsuit lockheed': 0.4972436604189633} ",glove.topn3.replace,0.0176,blowing whistleblower administration defence ,thesaurus.topn3,0.0159,whistle blower department defense  blare hiss  blowhard blusterer  administration agency  aegis armor ,adaponfields.topn3.exrobust04.2.25.1.10.4.0.25.qld,0.0126,"{'of': 2, 'depart': 2, 'blower': 2, 'whistl': 2, 'defens': 2, 'whistleblow': 1.645, 'northrop': 1.548, 'fitzgerald': 1.516, 'decis': 1.419, 'fals': 1.387, 'pfaelzer': 1.258, 'glazer': 1.226, 'pentagonist': 1.161, 'penina': 1.097} ",tagmee.topn3.replace,0.0119,Whistleblower United States Department of Defense ,stem.paicehusk,0.0066,whistl blow depart of defens ,termluster.topn5.3.qld,0.0062,whistle blower department defense said new govern depart govern said whistl said new ,wiki.topn3,0.0051,whistle blower department defense grounds for termination of employment insider trading conflict of interest Whistleblower nuclear weapons infrastructure of the united states military industrial complex government agencies established in      United States Department of Defense ,word2vec.topn3.replace,0.0047,swanee whistle blowing dept defence ,onfields.topn3.10.4.0.25.qld,0.0041,"{'of': 2, 'depart': 2, 'blower': 2, 'whistl': 2, 'fraud': 2.0, 'defens': 2, 'suit': 1.903, 'lockhe': 1.806, 'whistleblow': 1.774, 'fals': 1.613, 'paducah': 1.581, 'billion': 1.548, 'grassley': 1.452, 'extens': 1.258, 'bartleman': 1.129} ",anchor.topn3.replace,0.0039,whistle blowers   journalist  car siegel coop mayotte presid nano fifth gener defense ,wordnet.topn3,0.0032,whistle blower department defense tin whistle sing cetacean electric fan section defending team United States Department of Defense defensive structure ,,,,,,
730,Gastric bypass complications ,0.4788,7,docluster.topn10.3.qld,0.5279,gastric bypass complications you weight surgeri ,onfields.topn3.10.4.0.25.qld,0.5048,"{'complic': 2, 'weight': 2.0, 'bypass': 2, 'gastric': 2, 'stomach': 1.557, 'pouch': 1.228, 'exercis': 1.177, 'surgeri': 1.177, 'selfselect': 1.165, '2vs1': 1.139, '95ci': 1.101, 'rouxeni': 1.0} ",rm3.topn10.10.0.5.qld,0.5032,complic patient stomach procedur weight bypass gastric loss surgeri obes ,tagmee.topn3,0.5001,gastric bypass complications Gastric bypass surgery Complication  medicine ,conceptluster.topn5.3.qld,0.5001,gastric bypass complications gastric bypass surgery complication medicine ,termluster.topn5.3.qld,0.4969,gastric bypass complications bypass complic obes complic gastric obes weight veri surgeri ,relevancefeedback.topn10.qld,0.4938,gastric bypass complications you   surgeri obes weight oper ,,,,,,,,,,,,,,,,,,,,,,,,,,,,,,,,,
731,Kurds history ,0.2019,11,adaponfields.topn3.exrobust04.2.25.1.10.4.0.25.qld,0.3587,"{'histori': 2, 'kurd': 2, 'will': 1.394, 'kurdish': 1.321, 'kurdistan': 1.292, 'husayn': 1.146, 'traitor': 1.088, 'selfrul': 1.08, 'mikhaylov': 1.066, 'kadyr': 1.066, 'struggler': 1.036, 'typecso': 1.022} ",word2vec.topn3,0.3284,kurds history kurdish history ,glove.topn3,0.3169,kurds history kurdish sunnis historical ever ,bertqe.topn10.qld,0.2883,"{'Kurds history': 1.5, ' hrefsearchdkurds  iraq  history  20thcenturydkurdsiraqhistory20thcentury5  10  bframeset  ffdkurdshistory  11   kurds history  a    strong ': 1.0, 'hrefsearchdkurds  iran  history  20thcenturydkurdsiranhistory20thcentury5  10  bbrowse  kurds  iran  history': 0.0, ' hrefsearchdkurds  middleeast  juvenileliteraturedkurdsmiddleeastjuvenileliterature5  10  bframeset  ffdkurdsturkeyhistory20thcentury  11   kurds turkey history 20th': 0.0, ' hrefsearchdkurds  iraq  history  20thcenturydkurdsiraqhistory20thcentury5  10  bframeset  ffdkurdsiraqdrama  11   kurds iraq drama  a  ': 0.0, 'hrefsearchdkurds  turkey  history  20thcenturydkurdsturkeyhistory20thcentury5  10  bbrowse  kurds  turkey  history': 0.0} ",stem.paicehusk,0.2829,kurd hist ,stem.trunc4,0.2829,kurd hist ,conceptnet.topn3.replace,0.2778,kurds past subject school ,sensedisambiguation,0.2694,Kurds kurd history ,stem.lovins,0.2524,kurd histor ,anchor.topn3.replace,0.227,kurds recuyel seeg théodrat ,conceptnet.topn3,0.2147,kurds history past subject school ,,,,,,,,,,,,,,,,,,,,,
732,U S  cheese production ,0.1218,7,glove.topn3,0.2116,u s  cheese production us u s cheddar producing produced ,bertqe.topn10.qld,0.1996,"{'US cheese production': 1.5, 'cheddar cheese production  85 percent': 1.0, 'total cheese  87': 0.6306242638398115, 'cheese produced': 0.5246171967020025, '450000 kilograms cheese': 0.405889281507656, 'production major dairy': 0.3672555948174323} ",word2vec.topn3,0.1793,u s  cheese production usa u s american cheddar producing ,glove.topn3.replace,0.1623,us u s cheddar producing produced ,relevancefeedback.topn10.qld,0.1366,u s  cheese production cooper milk u  import dairi chees ,docluster.topn10.3.qld,0.1247,u s  cheese production u  dairi ,word2vec.topn3.replace,0.1222,usa u s american cheddar producing ,,,,,,,,,,,,,,,,,,,,,,,,,,,,,,,,,
733,Airline overbooking ,0.3181,7,termluster.topn5.3.qld,0.4226,airline overbooking ticket overbook flight ticket flight airlin ,adaponfields.topn3.exrobust04.2.25.1.10.4.0.25.qld,0.3979,"{'airlin': 2, 'overbook': 2, 'bump': 1.405, 'noshow': 1.214, 'there': 1.167, 'compens': 1.143, 'brobeck': 1.143, 'isnt': 1.071, 'schimizu': 1.048, 'fullfar': 1.048, 'deniedboard': 1.048} ",tagmee.topn3,0.3614,airline overbooking Airline Overselling ,relevancefeedback.topn10.qld,0.3545,airline overbooking airlin consum you ,docluster.topn10.3.qld,0.3545,airline overbooking airlin consum you ,onfields.topn3.10.4.0.25.qld,0.3459,"{'overbook': 2, 'airlin': 2, 'image130': 1.56, 'flight': 1.4, 'wesson': 1.22, 'travel': 1.2, 'oig': 1.2, 'var': 1.2, 'compens': 1.12, 'fare': 1.1, 'purchas': 1.08} ",conceptluster.topn5.3.qld,0.3387,airline overbooking overselling ,,,,,,,,,,,,,,,,,,,,,,,,,,,,,,,,,
734,Recycling successes ,0.2444,0,,,,,,,,,,,,,,,,,,,,,,,,,,,,,,,,,,,,,,,,,,,,,,,,,,,,,,
735,Afghan women condition ,0.2162,2,onfields.topn3.10.4.0.25.qld,0.2912,"{'condit': 2, 'women': 2, 'afghan': 2, 'afghanistan': 1.441, 'refuge': 1.13, 'ngo': 1.109, 'taliban': 1.083, 'kabul': 1.062, 'loya': 1.045, 'jirga': 1.045, 'usafghan': 1.022, 'ministri': 1.022} ",wiki.topn3,0.257,afghan women condition states and territories established in      territories under military occupation education in afghanistan Afghanistan women in afghanistan afghan peacjirga      afghan presidential election       Women s rights in Afghanistan ,,,,,,,,,,,,,,,,,,,,,,,,,,,,,,,,,,,,,,,,,,,,,,,,
736,location BSE infections ,0.6107,0,,,,,,,,,,,,,,,,,,,,,,,,,,,,,,,,,,,,,,,,,,,,,,,,,,,,,,
737,Enron California energy crisis ,0.5639,1,onfields.topn3.10.4.0.25.qld,0.6249,"{'crisi': 2, 'california': 2, 'energi': 2, 'enron': 2, 'market': 1.812, 'z': 1.718, 'electr': 1.718, 'manipul': 1.388, 'ferc': 1.341, '5464996': 1.059, 'wwwcitizenorg': 1.059} ",,,,,,,,,,,,,,,,,,,,,,,,,,,,,,,,,,,,,,,,,,,,,,,,,,,
738,Anthrax hoaxes ,0.4628,4,docluster.topn10.3.qld,0.5794,anthrax hoaxes hoax ,termluster.topn5.3.qld,0.5008,anthrax hoaxes emerg feder hoax year would threat ,relevancefeedback.topn10.qld,0.4767,anthrax hoaxes hoax u  i we ,onfields.topn3.10.4.0.25.qld,0.4766,"{'anthrax': 2, 'hoax': 2, 'terrorist': 1.686, 'schumer': 1.667, 'fbi': 1.373, 'respons': 1.294, 'fals': 1.275, 'prank': 1.255, 'releas': 1.235, 'anthraxrel': 1.196, 'powderi': 1.0} ",,,,,,,,,,,,,,,,,,,,,,,,,,,,,,,,,,,,,,,,,,
739,Habitat for Humanity ,0.1352,1,termluster.topn5.3.qld,0.187,habitat humanity human build hous hous habitat build ,,,,,,,,,,,,,,,,,,,,,,,,,,,,,,,,,,,,,,,,,,,,,,,,,,,
740,regulate assisted living Maryland ,0.2306,0,,,,,,,,,,,,,,,,,,,,,,,,,,,,,,,,,,,,,,,,,,,,,,,,,,,,,,
741,Artificial Intelligence ,0.0925,0,,,,,,,,,,,,,,,,,,,,,,,,,,,,,,,,,,,,,,,,,,,,,,,,,,,,,,
742,hedge funds fraud protection ,0.3668,4,tagmee.topn3,0.4163,hedge funds fraud protection Hedge fund Fraud Security  finance ,conceptluster.topn5.3.qld,0.4163,hedge funds fraud protection security finance fraud hedge fund ,stem.trunc5,0.4062,hedge funds fraud prote ,tagmee.topn3.replace,0.3877,Hedge fund Fraud Security  finance ,,,,,,,,,,,,,,,,,,,,,,,,,,,,,,,,,,,,,,,,,,
743,Freighter ship registration ,0.0344,7,conceptluster.topn5.3.qld,0.0943,freighter ship registration ship registration cargo ship ,tagmee.topn3,0.0857,freighter ship registration Cargo ship Cargo ship Ship registration ,glove.topn3,0.0695,freighter ship registration ship vessel voter identification ,termluster.topn5.3.qld,0.0671,freighter ship registration vessel ,word2vec.topn3,0.066,freighter ship registration cargo tanker vessel warship registering ,stem.lovins,0.0476,freighter ship register ,adaponfields.topn3.exrobust04.2.25.1.10.4.0.25.qld,0.0443,"{'registr': 2, 'freighter': 2, 'ship': 2, 'vessel': 1.454, 'bareboat': 1.147, 'emigr': 1.13, 'shipown': 1.106, 'smuggl': 1.075, 'fuzhou': 1.058, 'deregistr': 1.055, 'chines': 1.048, 'provis': 1.044} ",,,,,,,,,,,,,,,,,,,,,,,,,,,,,,,,,
744,Counterfeit ID punishments ,0.0112,4,adaponfields.topn3.exrobust04.2.25.1.10.4.0.25.qld,0.1143,"{'punish': 2, 'id': 2, 'counterfeit': 2, 'in': 2.0, 'alien': 1.092, 'fake': 1.076, 'moynihan': 1.05, 'subcommitte': 1.034, 'enoff': 1.017, 'moschorak': 1.017, 'tamperproof': 1.017, 'employmentauthor': 1.008, 'angelesbas': 1.008} ",glove.topn3,0.0726,counterfeit id punishments fake identification meted ,glove.topn3.replace,0.0177,fake identification meted ,wordnet.topn3,0.0136,counterfeit id punishments forge fake I D  Gem State Idaho penalisation penalty ,,,,,,,,,,,,,,,,,,,,,,,,,,,,,,,,,,,,,,,,,,
745,Doomsday cults ,0.5006,3,thesaurus.topn3,0.5852,doomsday cults  Judgment Day Last Day  band church ,wiki.topn3,0.5083,doomsday cults unification church neologisms mind control messiah complex Doomsday cult ,tagmee.topn3,0.5013,doomsday cults Doomsday cult ,,,,,,,,,,,,,,,,,,,,,,,,,,,,,,,,,,,,,,,,,,,,,
746,Outsource job India ,0.4051,0,,,,,,,,,,,,,,,,,,,,,,,,,,,,,,,,,,,,,,,,,,,,,,,,,,,,,,
747,Library computer oversight ,0.0905,3,tagmee.topn3,0.1173,library computer oversight Library Computer Regulation ,docluster.topn10.3.qld,0.1168,library computer oversight librari comput cost ,relevancefeedback.topn10.qld,0.1037,library computer oversight librari comput cost h ,,,,,,,,,,,,,,,,,,,,,,,,,,,,,,,,,,,,,,,,,,,,,
748,Nuclear reactor types ,0.1736,0,,,,,,,,,,,,,,,,,,,,,,,,,,,,,,,,,,,,,,,,,,,,,,,,,,,,,,
749,Puerto Rico state ,0.2068,4,glove.topn3,0.344,puerto rico state rico rican puerto pwehr federal ,bertqe.topn10.qld,0.2984,"{'Puerto Rico state': 1.5, 'state puerto rico': 1.0, 'republic puerto rico': 0.631578947368421, 'government puerto rico ': 0.31578947368421045, 'commonwealth puerto rico': 0.31578947368421045, 'commonwealth puerto rico ': 0.15789473684210523} ",glove.topn3.replace,0.2767,rico rican puerto pwehr federal ,word2vec.topn3,0.2207,puerto rico state rican rico ricans puerto ricans rican federal ,,,,,,,,,,,,,,,,,,,,,,,,,,,,,,,,,,,,,,,,,,
750,John Edwards womens issues ,0.0342,0,,,,,,,,,,,,,,,,,,,,,,,,,,,,,,,,,,,,,,,,,,,,,,,,,,,,,,
751,Scrabble Players ,0.3715,0,,,,,,,,,,,,,,,,,,,,,,,,,,,,,,,,,,,,,,,,,,,,,,,,,,,,,,
752,Dam removal ,0.5107,0,,,,,,,,,,,,,,,,,,,,,,,,,,,,,,,,,,,,,,,,,,,,,,,,,,,,,,
753,bullying prevention programs ,0.3263,2,rm3.topn10.10.0.5.qld,0.3934,school student program victim behavior children violenc bulli youth prevent risk ,onfields.topn3.10.4.0.25.qld,0.3919,"{'program': 2, 'prevent': 2, 'school': 2.0, 'bulli': 2, 'student': 1.469, 'behavior': 1.268, 'teacher': 1.237, 'violenc': 1.215, 'victim': 1.206, 'olweu': 1.113, 'antibulli': 1.0} ",,,,,,,,,,,,,,,,,,,,,,,,,,,,,,,,,,,,,,,,,,,,,,,,
754,domestic adoption laws ,0.0812,5,rm3.topn10.10.0.5.qld,0.1066,parent entiti famili except children protect domest child esign law adopt ,docluster.topn10.3.qld,0.1066,domestic adoption laws law adopt ,onfields.topn3.10.4.0.25.qld,0.0869,"{'law': 2, 'domest': 2, 'adopt': 2, 'child': 1.81, 'convers': 1.3, 'famili': 1.203, 'provis': 1.174, 'dpc': 1.152, 'esign': 1.097, 'sec99': 1.052, 'pl1782002': 1.052, 'entiti': 1.0} ",tagmee.topn3,0.0828,domestic adoption laws Adoption Affinity  law ,conceptluster.topn5.3.qld,0.0828,domestic adoption laws affinity law adoption ,,,,,,,,,,,,,,,,,,,,,,,,,,,,,,,,,,,,,,,
755,Scottish Highland Games ,0.4832,2,tagmee.topn3,0.5001,scottish highland games Scottish people Highland games Highland games ,wiki.topn3,0.4953,scottish highland games scottish people scottish society fife Scottish people highland games angus graham  strongman  ballachulish Highland games highland games angus graham  strongman  ballachulish Highland games ,,,,,,,,,,,,,,,,,,,,,,,,,,,,,,,,,,,,,,,,,,,,,,,,
756,Volcanic Activity ,0.3124,1,relevancefeedback.topn10.qld,0.3918,volcanic activity volcano lake volcan erupt activ ,,,,,,,,,,,,,,,,,,,,,,,,,,,,,,,,,,,,,,,,,,,,,,,,,,,
757,Murals ,0.2122,2,docluster.topn10.3.qld,0.2143,murals mural your ,sensedisambiguation,0.2123,Murals mural ,,,,,,,,,,,,,,,,,,,,,,,,,,,,,,,,,,,,,,,,,,,,,,,,
758,Embryonic stem cells ,0.6639,1,tagmee.topn3,0.664,embryonic stem cells Embryonic stem cell ,,,,,,,,,,,,,,,,,,,,,,,,,,,,,,,,,,,,,,,,,,,,,,,,,,,
759,civil war battle reenactments ,0.2141,1,word2vec.topn3,0.2415,civil war battle reenactments rights era civl conflict skirmish re enactments re enactment ,,,,,,,,,,,,,,,,,,,,,,,,,,,,,,,,,,,,,,,,,,,,,,,,,,,
760,american muslim mosques schools ,0.3034,6,stem.krovetz,0.3462,america muslim mosque school ,wiki.topn3,0.3455,american muslim mosques schools american people immigration to the united states ethnigroups in the united states Americans muslim american society thmosqucares islam in washington  d c  Islam in the United States quraniwords and phrases muslims islam Muslim mosques mosque architecture islamiculture Mosque athari hanbali muwatta imam malik Madhhab ,wiki.topn3.replace,0.3443,american people immigration to the united states ethnigroups in the united states Americans muslim american society thmosqucares islam in washington  d c  Islam in the United States quraniwords and phrases muslims islam Muslim mosques mosque architecture islamiculture Mosque athari hanbali muwatta imam malik Madhhab ,tagmee.topn3,0.3285,american muslim mosques schools Americans Islam in the United States Muslim Mosque Madhhab ,conceptluster.topn5.3.qld,0.3285,american muslim mosques schools muslim islam united states madhhab americans mosque ,tagmee.topn3.replace,0.3049,Americans Islam in the United States Muslim Mosque Madhhab ,,,,,,,,,,,,,,,,,,,,,,,,,,,,,,,,,,,,
761,Problems of Hmong Immigrants ,0.4918,1,adaponfields.topn3.exrobust04.2.25.1.10.4.0.25.qld,0.4931,"{'immigr': 2, 'of': 2, 'problem': 2, 'hmong': 2, 'abbot': 1.259, 'phra': 1.222, 'antivientian': 1.222, 'chamrun': 1.222, 'krabok': 1.148, 'hilltrib': 1.111, 'pukhao': 1.074, 'chaloem': 1.074, 'phromloet': 1.074, 'greengroceri': 1.0} ",,,,,,,,,,,,,,,,,,,,,,,,,,,,,,,,,,,,,,,,,,,,,,,,,,,
762,History of Physicians in America ,0.0138,0,,,,,,,,,,,,,,,,,,,,,,,,,,,,,,,,,,,,,,,,,,,,,,,,,,,,,,
763,Hunting deaths ,0.1187,2,glove.topn3,0.3282,hunting deaths hunters fatalities ,glove.topn3.replace,0.1772,hunters fatalities ,,,,,,,,,,,,,,,,,,,,,,,,,,,,,,,,,,,,,,,,,,,,,,,,
764,Increase mass transit use ,0.1695,0,,,,,,,,,,,,,,,,,,,,,,,,,,,,,,,,,,,,,,,,,,,,,,,,,,,,,,
765,ephedra ma huang deaths ,0.473,4,rm3.topn10.10.0.5.qld,0.5071,huang ma herbal ephedrin drug ephedra death supplement heart dietari advers caffein fda ,relevancefeedback.topn10.qld,0.5024,ephedra ma huang deaths ephedrin heart drug product supplement ,glove.topn3,0.4987,ephedra huang deaths ephedrine supplements cheng yu fatalities ,sensedisambiguation,0.4744,ephedra ma huang deaths end ,,,,,,,,,,,,,,,,,,,,,,,,,,,,,,,,,,,,,,,,,,
766,diamond smuggling ,0.5187,8,onfields.topn3.10.4.0.25.qld,0.6231,"{'smuggl': 2, 'diamond': 2, 'leon': 1.403, 'sierra': 1.403, 'trade': 1.33, 'legitim': 1.189, 'digger': 1.186, 'stone': 1.172, 'countri': 1.163, 'buyer': 1.161, 'leonean': 1.082} ",bertqe.topn10.qld,0.6112,"{'diamond smuggling': 0.6363636363636365, 'smuggling diamonds nearly': 1.0, 'physical smuggling diamonds': 0.9090909090909092, 'illicit diamond smuggling ': 0.9090909090909092, 'diamond smuggling sierra': 0.6363636363636365} ",rm3.topn10.10.0.5.qld,0.5967,sierra diamond war conflict leon smuggl market origin digger countri trade ,tagmee.topn3,0.5612,diamond smuggling Diamond Blood diamond Smuggling ,conceptluster.topn5.3.qld,0.5612,diamond smuggling diamond smuggling blood diamond ,wiki.topn3,0.5331,diamond smuggling impact event minerals abrasives semiconductor materials Diamond politics of liberia people extradited from liberia people extradited from sierra leone Blood diamond contraband customs sabotage Smuggling ,tagmee.topn3.replace,0.5292,Diamond Blood diamond Smuggling ,termluster.topn5.3.qld,0.5223,diamond smuggling becaus govern intern year would world ,,,,,,,,,,,,,,,,,,,,,,,,,,,,,,
767,Pharmacist License requirements ,0.4704,0,,,,,,,,,,,,,,,,,,,,,,,,,,,,,,,,,,,,,,,,,,,,,,,,,,,,,,
768,Women in state legislatures ,0.1254,1,rm3.topn10.10.0.5.qld,0.1566,state legislatur commiss minnesota governor york elect senat dfl women serv ,,,,,,,,,,,,,,,,,,,,,,,,,,,,,,,,,,,,,,,,,,,,,,,,,,,
769,Kroll Associates Employees ,0.0124,3,wiki.topn3,0.0248,kroll associates employees general atlantic wilson sonsini goodrich   rosati      in asia Kroll Inc ,wiki.topn3.replace,0.0196,general atlantic wilson sonsini goodrich   rosati      in asia Kroll Inc ,relevancefeedback.topn10.qld,0.0181,kroll associates employees train mr wage illinoi law fraser gepner ,,,,,,,,,,,,,,,,,,,,,,,,,,,,,,,,,,,,,,,,,,,,,
770,Kyrgyzstan United States relations ,0.3492,2,termluster.topn5.3.qld,0.3943,kyrgyzstan united states relations unit kyrgyzstan ,docluster.topn10.3.qld,0.3533,kyrgyzstan united states relations kyrgyzstan trade state central ,,,,,,,,,,,,,,,,,,,,,,,,,,,,,,,,,,,,,,,,,,,,,,,,
771,deformed leopard frogs ,0.502,3,onfields.topn3.10.4.0.25.qld,0.6787,"{'leopard': 2, 'deform': 2, 'frog': 2, 'abnorm': 1.328, 'vermont': 1.241, 'amphibian': 1.233, 'malform': 1.233, 'northern': 1.198, 'caus': 1.138, 'levey': 1.103, 'champlain': 1.095} ",rm3.topn10.10.0.5.qld,0.5644,leg frog deform minnesota malform leopard amphibian vermont he caus ,anchor.topn3.replace,0.5079,deformed v g   leopard  nimrs   frogs ,,,,,,,,,,,,,,,,,,,,,,,,,,,,,,,,,,,,,,,,,,,,,
772,flag display rules ,0.3723,5,rm3.topn10.10.0.5.qld,0.5033,school flown staff rule never displai place half flag posit ,word2vec.topn3,0.4577,flag display rules flag  regulations laws ,onfields.topn3.10.4.0.25.qld,0.4544,"{'rule': 2, 'display': 2, 'flag': 2, 'unit': 1.224, 'halfstaff': 1.08, 'usc': 1.078, 'flown': 1.075, 'provis': 1.046, 'pledg': 1.044, 'allegi': 1.035, 'hoist': 1.033, 'advertis': 1.02} ",word2vec.topn3.replace,0.4253,flag  display regulations laws ,termluster.topn5.3.qld,0.3971,flag display rules abov alwai america weather wai vertic ,,,,,,,,,,,,,,,,,,,,,,,,,,,,,,,,,,,,,,,
773,Pennsylvania slot machine gambling ,0.5488,9,rm3.topn10.10.0.5.qld,0.8444,machin premis slot licens credit pennsylvania liquor license video gambl ,termluster.topn5.3.qld,0.8225,pennsylvania slot machine gambling citat enforc inc citat enforc inc video three suprem video three suprem ,onfields.topn3.10.4.0.25.qld,0.8102,"{'pennsylvania': 2, 'slot': 2, 'nt': 2.0, 'gambl': 2, 'machin': 2, 'licens': 1.334, 'liquor': 1.103, 'premis': 1.082, 'kratsa': 1.074, 'a2d': 1.044, 'ebner': 1.04, 'cozzoli': 1.031} ",anchor.topn3,0.8003,pennsylvania slot machine gambling pennsybania pennsylvania histori pennsylvania fourth nordskov jensk fowler typ ,sensedisambiguation,0.7282,Pennsylvania university of pennsylvania slot machine gambling gamble ,anchor.topn3.replace,0.6248,pennsybania pennsylvania histori pennsylvania fourth nordskov jensk fowler typ machine gambling ,docluster.topn10.3.qld,0.6205,pennsylvania slot machine gambling machin license ,bertqe.topn10.qld,0.5734,"{'Pennsylvania slot machine gambling': 1.5, 'video slot machines  p   p  pennsylvania': 1.0, 'game machines  b   u   502 pa 186 ': 0.7357634314156053, 'machines  u   537 a2d 812  pa ': 0.3320158102766799, 'machines  i   b   465 a2d 973  pa ': 0.30683648074952424, 'slot machines licensed': 0.1919191919191919} ",relevancefeedback.topn10.qld,0.5544,pennsylvania slot machine gambling court machin license licens ,,,,,,,,,,,,,,,,,,,,,,,,,,,
774,Causes of Homelessness ,0.3052,0,,,,,,,,,,,,,,,,,,,,,,,,,,,,,,,,,,,,,,,,,,,,,,,,,,,,,,
775,Commercial candy makers ,0.3719,3,onfields.topn3.10.4.0.25.qld,0.4319,"{'maker': 2, 'commerci': 2, 'chocol': 2.0, 'candi': 2, 'var': 1.547, 'say': 1.453, 'sweet': 1.358, 'shop': 1.283, 'cane': 1.245, 'fussel': 1.132, 'sugarfre': 1.094, 'hitchcockhal': 1.075, 'librarymuseum': 1.019} ",tagmee.topn3,0.4079,commercial candy makers Candy ,conceptluster.topn5.3.qld,0.4079,commercial candy makers candy ,,,,,,,,,,,,,,,,,,,,,,,,,,,,,,,,,,,,,,,,,,,,,
776,Magnet schools success ,0.223,2,onfields.topn3.10.4.0.25.qld,0.2697,"{'success': 2, 'school': 2, 'magnet': 2, 'documentwriteopt': 1.465, 'border0': 1.39, 'k5': 1.366, 'vspace0': 1.302, 'hspace0': 1.302, 'srcimagesspacergif': 1.244, 'border0td': 1.209, 'imagesedprog3bulletoffgif': 1.174, 'imagesedprog3bulletovergif': 1.174, 'curriculumthem': 1.14} ",adaponfields.topn3.exrobust04.2.25.1.10.4.0.25.qld,0.2524,"{'success': 2, 'school': 2, 'magnet': 2, 'that': 1.744, 'camellia': 1.167, 'hergesheim': 1.167, 'theyr': 1.077, 'englishspeak': 1.064, 'stebing': 1.051, 'minimagnet': 1.051, 'sixthgrad': 1.038, 'topflight': 1.038, 'limitedenglish': 1.026} ",,,,,,,,,,,,,,,,,,,,,,,,,,,,,,,,,,,,,,,,,,,,,,,,
777,hybrid alternative fuel cars ,0.3082,0,,,,,,,,,,,,,,,,,,,,,,,,,,,,,,,,,,,,,,,,,,,,,,,,,,,,,,
778,golden ratio ,0.0998,0,,,,,,,,,,,,,,,,,,,,,,,,,,,,,,,,,,,,,,,,,,,,,,,,,,,,,,
779,Javelinas range and description ,0.5034,2,docluster.topn10.3.qld,0.5548,javelinas range and description javelina road rang area ,relevancefeedback.topn10.qld,0.5151,javelinas range and description javelina road bear jaguar area rang confidenti ,,,,,,,,,,,,,,,,,,,,,,,,,,,,,,,,,,,,,,,,,,,,,,,,
780,Arable land ,0.3529,1,bertqe.topn10.qld,0.4013,"{'Arable land': 1.5, 'arable land  land': 1.0, 'land arable  property': 0.6, 'arable  except lands': 0.0} ",,,,,,,,,,,,,,,,,,,,,,,,,,,,,,,,,,,,,,,,,,,,,,,,,,,
781,Squirrel control and protections ,0.4286,0,,,,,,,,,,,,,,,,,,,,,,,,,,,,,,,,,,,,,,,,,,,,,,,,,,,,,,
782,Orange varieties seasons ,0.6889,2,relevancefeedback.topn10.qld,0.7786,orange varieties seasons crop orang fruit box ,rm3.topn10.10.0.5.qld,0.7358,varieti crop box tree fruit million forecast orang season florida percent ,,,,,,,,,,,,,,,,,,,,,,,,,,,,,,,,,,,,,,,,,,,,,,,,
783,school mercury poisoning ,0.1768,6,bertqe.topn10.qld,0.4964,"{'school mercury poisoning': 1.5, 'mercury  a   br   br   href  http  wwwmercuryinschoolsuwexedu   mercury schools  img': 1.0, 'mercury kept school': 0.5384615384615384, 'school   mercury schools': 0.8846153846153845, 'mercury concentrations  school': 0.5769230769230768, 'school  mercury levels': 0.46153846153846145} ",termluster.topn5.3.qld,0.2522,school mercury poisoning also children mercuri work school program work school program ,glove.topn3,0.2196,school mercury poisoning students piyanart srivalo contamination ,tagmee.topn3,0.2035,school mercury poisoning Shoaling and schooling Mercury poisoning ,conceptluster.topn5.3.qld,0.2035,school mercury poisoning shoaling schooling mercury poisoning ,tagmee.topn3.replace,0.1972,Shoaling and schooling Mercury poisoning ,,,,,,,,,,,,,,,,,,,,,,,,,,,,,,,,,,,,
784,mersenne primes ,0.4507,4,glove.topn3,0.5201,mersenne primes proth frahd reciprocals nasdaq ,docluster.topn10.3.qld,0.4817,mersenne primes prime number gener ,termluster.topn5.3.qld,0.4521,mersenne primes number ,sensedisambiguation,0.4515,mersenne primes prime ,,,,,,,,,,,,,,,,,,,,,,,,,,,,,,,,,,,,,,,,,,
785,Ivory billed woodpecker ,0.4231,0,,,,,,,,,,,,,,,,,,,,,,,,,,,,,,,,,,,,,,,,,,,,,,,,,,,,,,
786,Yew trees ,0.425,0,,,,,,,,,,,,,,,,,,,,,,,,,,,,,,,,,,,,,,,,,,,,,,,,,,,,,,
787,Sunflower Cultivation ,0.5755,2,docluster.topn10.3.qld,0.6405,sunflower cultivation sunflow ,relevancefeedback.topn10.qld,0.6283,sunflower cultivation sunflow c ,,,,,,,,,,,,,,,,,,,,,,,,,,,,,,,,,,,,,,,,,,,,,,,,
788,Reverse mortgages ,0.5221,0,,,,,,,,,,,,,,,,,,,,,,,,,,,,,,,,,,,,,,,,,,,,,,,,,,,,,,
789,abandoned mine reclamation ,0.2213,2,termluster.topn5.3.qld,0.2848,abandoned mine reclamation western site reclam abandon coal pennsylvania western site reclaim ,glove.topn3,0.2358,abandoned mine reclamation leaving reclaimed dredging ,,,,,,,,,,,,,,,,,,,,,,,,,,,,,,,,,,,,,,,,,,,,,,,,
790,women s rights in Saudi Arabia ,0.4883,3,relevancefeedback.topn10.qld,0.4926,women s rights in saudi arabia govern ,docluster.topn10.3.qld,0.4926,women s rights in saudi arabia govern ,conceptluster.topn5.3.qld,0.4884,women  s rights saudi arabia women  s rights saudi arabia ,,,,,,,,,,,,,,,,,,,,,,,,,,,,,,,,,,,,,,,,,,,,,
791,Gullah geechee language culture ,0.4643,10,wiki.topn3,0.5625,gullah geechee language culture gullah language igbo landing africanisms Gullah gullah language igbo landing africanisms Gullah languages of the african diaspora liberian english merico language Gullah language sociology of culture society counterculture Culture ,tagmee.topn3.replace,0.5417,Gullah Gullah Gullah language Culture ,wiki.topn3.replace,0.5315,gullah language igbo landing africanisms Gullah gullah language igbo landing africanisms Gullah languages of the african diaspora liberian english merico language Gullah language sociology of culture society counterculture Culture ,stem.porter,0.5278,gullah geeche languag cultur ,stem.porter2,0.5278,gullah geeche languag cultur ,termluster.topn5.3.qld,0.5165,gullah geechee language culture countri geeche nation site nation gullah studi special public ,tagmee.topn3,0.5131,gullah geechee language culture Gullah Gullah Gullah language Culture ,anchor.topn3,0.5091,gullah geechee language culture gullah  island binyah ambelau ,anchor.topn3.replace,0.504,gullah  island binyah ambelau geechee language culture ,conceptluster.topn5.3.qld,0.5,gullah geechee language culture gullah language culture ,,,,,,,,,,,,,,,,,,,,,,,,
792,Social Security means test ,0.103,2,relevancefeedback.topn10.qld,0.14800000000000002,social security means test program secur benefit earn ,docluster.topn10.3.qld,0.1476,social security means test secur earn benefit ,,,,,,,,,,,,,,,,,,,,,,,,,,,,,,,,,,,,,,,,,,,,,,,,
793,Bagpipe Bands ,0.274,8,thesaurus.topn3,0.3407,bagpipe bands   line ring ,termluster.topn5.3.qld,0.3393,bagpipe bands pipe ,tagmee.topn3.replace,0.3194,Bagpipes Military band ,thesaurus.topn3.replace,0.3192,bagpipe  line ring ,tagmee.topn3,0.3155,bagpipe bands Bagpipes Military band ,conceptluster.topn5.3.qld,0.3155,bagpipe bands military band bagpipes ,docluster.topn10.3.qld,0.301,bagpipe bands band ,wiki.topn3,0.2997,bagpipe bands tin whistle great highland bagpipe chanter Bagpipes military bands bugle military tattoo Military band ,,,,,,,,,,,,,,,,,,,,,,,,,,,,,,
794,pet therapy ,0.0638,5,tagmee.topn3,0.1999,pet therapy Animal assisted therapy ,conceptluster.topn5.3.qld,0.1999,pet therapy animal assisted therapy ,glove.topn3,0.0997,pet therapy dog treatments ,adaponfields.topn3.exrobust04.2.25.1.10.4.0.25.qld,0.0845,"{'therapi': 2, 'pet': 2, 'that': 2.0, 'there': 1.5, 'camarillo': 1.444, 'cuddl': 1.222, 'ruckert': 1.222, '11yearold': 1.222, 'boardandcar': 1.222, 'onthespot': 1.167, 'scheurn': 1.111, '7yearold': 1.111, 'petcolog': 1.111} ",conceptnet.topn3,0.0795,pet therapy dog a dog ,,,,,,,,,,,,,,,,,,,,,,,,,,,,,,,,,,,,,,,
795,notable cocker spaniels ,0.0223,18,wiki.topn3.replace,0.1201,labradoodle pointer  dog breed  show dog Cocker Spaniel foxhound basset fauvdbretagne welsh springer spaniel Spaniel ,wiki.topn3,0.0981,notable cocker spaniels labradoodle pointer  dog breed  show dog Cocker Spaniel foxhound basset fauvdbretagne welsh springer spaniel Spaniel ,adaponfields.topn3.exrobust04.2.25.1.10.4.0.25.qld,0.0964,"{'notabl': 2, 'cocker': 2, 'spaniel': 2, 'stride': 2.0, 'dog': 1.87, 'fred': 1.783, 'mtv': 1.348, 'playboy': 1.261, 'doesnt': 1.217, 'notreadyformtv': 1.13, 'priddl': 1.087, 'allout': 1.087} ",onfields.topn3.10.4.0.25.qld,0.081,"{'notabl': 2, 'cocker': 2, 'spaniel': 2, 'terrier': 2.0, 'hound': 1.531, 'dog': 1.438, 'unspecifi': 1.266, 'colli': 1.156, 'poodl': 1.125, 'dachshund': 1.125, 'wirehair': 1.125, 'coonhound': 1.094} ",relevancefeedback.topn10.qld,0.0791,notable cocker spaniels terrier p dog ye ,rm3.topn10.10.0.5.qld,0.0705,isbn frank notabl terrier cd owner cocker english spaniel ye dog ,conceptnet.topn3.replace,0.0645,noteworthy far famed luminary cocker spaniel pamper old cocker spaniels ,termluster.topn5.3.qld,0.0642,notable cocker spaniels english spaniel english cocker ,docluster.topn10.3.qld,0.0614,notable cocker spaniels terrier ,word2vec.topn3,0.0311,notable cocker spaniels noteworthy noteable note worthy spaniel spaniels ,stem.paicehusk,0.0304,not cock spaniel ,tagmee.topn3.replace,0.0275,Cocker Spaniel Spaniel ,sensedisambiguation.replace,0.0269,noteworthy cocker spaniel spaniel ,tagmee.topn3,0.0264,notable cocker spaniels Cocker Spaniel Spaniel ,conceptluster.topn5.3.qld,0.0264,notable cocker spaniels spaniel cocker spaniel ,sensedisambiguation,0.0261,notable noteworthy cocker cocker spaniel spaniels spaniel ,stem.lovins,0.0238,not cocker spaniel ,word2vec.topn3.replace,0.0227,noteworthy noteable note worthy spaniel spaniels spaniels 
796,Blue Grass Music Festival history ,0.1649,5,tagmee.topn3,0.443,blue grass music festival history Bluegrass music ,conceptluster.topn5.3.qld,0.443,blue grass music festival history bluegrass music ,wiki.topn3,0.3332,blue grass music festival history old time music bluegrass music americana  music  Bluegrass music ,tagmee.topn3.replace,0.2365,Bluegrass music ,wiki.topn3.replace,0.2133,old time music bluegrass music americana  music  Bluegrass music ,,,,,,,,,,,,,,,,,,,,,,,,,,,,,,,,,,,,,,,
797,reintroduction of gray wolves ,0.6259,0,,,,,,,,,,,,,,,,,,,,,,,,,,,,,,,,,,,,,,,,,,,,,,,,,,,,,,
798,Massachusetts textile mills ,0.1714,5,onfields.topn3.10.4.0.25.qld,0.378,"{'massachusett': 2, 'textil': 2, 'mill': 2, 'lowel': 1.835, 'cotton': 1.304, 'statenew': 1.177, 'england': 1.165, 'york19101920': 1.152, 'workersnorth': 1.127, 'dc19101920': 1.101, '19361940': 1.076, '1933present': 1.076} ",relevancefeedback.topn10.qld,0.3637,massachusetts textile mills      mill lowel us theater ,rm3.topn10.10.0.5.qld,0.3295,park      massachusett worker histori textil mill lowel industri ,docluster.topn10.3.qld,0.3243,massachusetts textile mills      theater lowel ,bertqe.topn10.qld,0.1988,"{'Massachusetts textile mills': 1.5, 'textile mills lowell massachusetts ': 1.0, 'workers  massachusetts  lowell  19101920  a   br   href  cgibinquerys  ppils   filreq   field  subj  band  textilemillworkers  massachusetts  newbedford  19101920     field  collidnclc     textile mill workers  massachusetts  new': 1.0, 'mill workers  maine  lewiston  19001910  a   br   href  cgibinquerys  ppils   filreq   field  subj  band  textilemillworkers  massachusetts  lowell  19101920     field  collidnclc     textile mill': 0.875, 'room  a    br   href  http  memorylocgovcgibinqueryr  ammemhh   field  docid  lit  ma1443     massachusetts mills  cloth': 0.875, 'href  cgibinquerys  ppils   filreq   field  subj  od1  textileprinting  massachusetts  lawrence  19201930     field  collidcph     textile printing  massachusetts  lawrence  19201930  a   br   href  cgibinquerys  ppils   filreq   field  subj  od1  textiles  19001910     field  collidcph     textiles  19001910  a   br  ': 0.75} ",,,,,,,,,,,,,,,,,,,,,,,,,,,,,,,,,,,,,,,
799,Animals in Alzheimer s research ,0.1515,5,onfields.topn3.10.4.0.25.qld,0.3088,"{""alzheimer'"": 2, 'in': 2, 'anim': 2, 'research': 2, 'age': 2.0, 'diseas': 1.411, 'function': 1.339, 'studi': 1.282, 'agerel': 1.257, 'alzheim': 1.236, 'molecular': 1.15, 'nia': 1.125, 'respons': 1.093, 'onesid': 1.064} ",rm3.topn10.10.0.5.qld,0.2176,older nia mechan cell clinic diseas function alzheim ag ad research anim ,relevancefeedback.topn10.qld,0.1636,animals in alzheimer s research ag ad applic ,docluster.topn10.3.qld,0.1611,animals in alzheimer s research ag ,glove.topn3,0.1521,animals alzheimer  s research humans dementia parkinson  s whose study institute ,,,,,,,,,,,,,,,,,,,,,,,,,,,,,,,,,,,,,,,
800,Ovarian Cancer Treatment ,0.1997,2,bertqe.topn10.qld,0.2297,"{'Ovarian Cancer Treatment': 1.5, 'treatment ovarian cancer': 0.9902591077342685, 'ovarian cancer may consider surgery': 1.0, 'surgery ovarian cancer may': 0.9984414572374829, 'drugs used treat ovarian': 0.3991817650496786, 'ovarian epithelial cancer  h2   p  treatment ': 0.13111240989674655} ",onfields.topn3.10.4.0.25.qld,0.2078,"{'treatment': 2, 'cancer': 2, 'ovarian': 2, 'ovari': 1.563, 'stage': 1.245, 'epitheli': 1.185, 'nci': 1.154, 'cancergov': 1.087, 'abdomen': 1.08, 'chemotherapi': 1.0, 'salpingooophorectomi': 1.0} ",,,,,,,,,,,,,,,,,,,,,,,,,,,,,,,,,,,,,,,,,,,,,,,,
801,Kudzu Pueraria lobata ,0.4422,9,bertqe.topn10.qld,0.5517,"{'Kudzu Pueraria lobata': 1.5, 'kudzu  pueraria lobata  willd   ohwi  ': 1.0, 'kudzu plant  pueraria lobata  leguminosae  ': 0.5, 'kudzu  pueraria lobata ohwi  stands ': 0.5, 'kudzu  pueraria lobata    td   tr   tr ': 0.5, 'kudzu  pueraria lobata  found': 0.5} ",tagmee.topn3.replace,0.5516,Kudzu Kudzu ,tagmee.topn3,0.5326,kudzu pueraria lobata Kudzu Kudzu ,termluster.topn5.3.qld,0.484,kudzu pueraria lobata forest lobata plant forest kudzu lobata forest kudzu plant ,wiki.topn3,0.4733,kudzu pueraria lobata pueraria strongyloides stercoralis edamame Kudzu pueraria strongyloides stercoralis edamame Kudzu ,relevancefeedback.topn10.qld,0.4559,kudzu pueraria lobata sourc ,docluster.topn10.3.qld,0.4559,kudzu pueraria lobata sourc ,onfields.topn3.10.4.0.25.qld,0.4544,"{'na': 2.0, 'lobata': 2, 'pueraria': 2, 'kudzu': 2, 'sourc': 1.642, 'abstract': 1.303, 'journal': 1.289, 'stem': 1.222, 'daidzin': 1.06, 'invas': 1.053, 'ohwi': 1.051} ",stem.lovins,0.4426,kudzu puerar lob ,,,,,,,,,,,,,,,,,,,,,,,,,,,
802,Volcano eruptions global temperature ,0.3471,2,conceptluster.topn5.3.qld,0.4369,volcano eruptions global temperature climate temperature ,anchor.topn3,0.4264,volcano eruptions global temperature  kudryavyi  ndiayen  idmaax  global eliahu  learjet  kiwin ,,,,,,,,,,,,,,,,,,,,,,,,,,,,,,,,,,,,,,,,,,,,,,,,
803,May Day ,0.0,2,wiki.topn3,0.0259,may day publiholidays in the republiof ireland international workers  day parade May Day ,wiki.topn3.replace,0.0171,publiholidays in the republiof ireland international workers  day parade May Day ,,,,,,,,,,,,,,,,,,,,,,,,,,,,,,,,,,,,,,,,,,,,,,,,
804,ban on human cloning ,0.5122,4,sensedisambiguation,0.6345,ban prohibition on human cloning ,sensedisambiguation.replace,0.5534,prohibition on human cloning ,tagmee.topn3,0.514,ban human cloning Ban  law  Human cloning ,conceptluster.topn5.3.qld,0.514,ban human cloning human cloning ban law ,,,,,,,,,,,,,,,,,,,,,,,,,,,,,,,,,,,,,,,,,,
805,Identity Theft Passport ,0.041,5,stem.paicehusk,0.1307,id theft passport ,termluster.topn5.3.qld,0.08,identity theft passport virginia victim theft attornei crime gener attornei crime gener ,sensedisambiguation,0.0621,Identity Theft larceny Passport recommendation ,onfields.topn3.10.4.0.25.qld,0.062,"{'passport': 2, 'ident': 2, 'theft': 2, 'victim': 1.281, 'crime': 1.264, 'virginia': 1.198, 'kilgor': 1.132, 'stolen': 1.091, 'licens': 1.066, 'wwwvaagcom': 1.05, '022003': 1.008} ",conceptnet.topn3,0.051,identity theft passport name oneness operator a crime robbery thieve pass ,,,,,,,,,,,,,,,,,,,,,,,,,,,,,,,,,,,,,,,
806,Doctors Without Borders ,0.0663,1,onfields.topn3.10.4.0.25.qld,0.1293,"{'without': 2, 'border': 2, 'doctor': 2, 'mayor': 1.594, 'hilton': 1.469, 'humanitarian': 1.406, 'releas': 1.406, 'conrad': 1.281, 'giuliani': 1.219, 'lucio': 1.156, '45598': 1.062, '48899doctor': 1.031} ",,,,,,,,,,,,,,,,,,,,,,,,,,,,,,,,,,,,,,,,,,,,,,,,,,,
807,Sugar tariff rate quotas ,0.5685,7,termluster.topn5.3.qld,0.7237,sugar tariff rate quotas alloc cane contain trq tariff sugar ,wordnet.topn3,0.6424,sugar tariff rate quotas saccharify refined sugar kale ,tagmee.topn3,0.6184,sugar tariff rate quotas Sugar Import quota ,wordnet.topn3.replace,0.6007,refined sugar dough gelt tariff rate quotas ,rm3.topn10.10.0.5.qld,0.5754,refin tariff ton export import raw sugar quota price rate ,stem.trunc5,0.5729,sugar tarif   rate quota ,thesaurus.topn3,0.5699,sugar tariff rate quotas  carbohydrate candy   allocation allotment ,,,,,,,,,,,,,,,,,,,,,,,,,,,,,,,,,
808,North Korean Counterfeiting ,0.6491,1,stem.krovetz,0.6668,north korea counterfeit ,,,,,,,,,,,,,,,,,,,,,,,,,,,,,,,,,,,,,,,,,,,,,,,,,,,
809,wetlands wastewater treatment ,0.3132,2,docluster.topn10.3.qld,0.3355,wetlands wastewater treatment wetland ,relevancefeedback.topn10.qld,0.3274,wetlands wastewater treatment wetland na ,,,,,,,,,,,,,,,,,,,,,,,,,,,,,,,,,,,,,,,,,,,,,,,,
810,timeshare resales ,0.3129,4,relevancefeedback.topn10.qld,0.6181,timeshare resales timeshar illinoi applic you consum site ftc ,docluster.topn10.3.qld,0.4222,timeshare resales you consum timeshar applic illinoi ,adaponfields.topn3.exrobust04.2.25.1.10.4.0.25.qld,0.4219,"{'resal': 2, 'timeshar': 2, 'buyer': 1.26, 'purchas': 1.117, 'abus': 1.078, 'haylock': 1.052, 'tenerif': 1.039, 'crossbord': 1.039, 'coolingoff': 1.039, 'primeshar': 1.039, 'surpris': 1.026, 'topfloor': 1.026} ",onfields.topn3.10.4.0.25.qld,0.3376,"{'resal': 2, 'timeshar': 2, 'estat': 1.289, 'illinoi': 1.263, 'purchas': 1.197, 'resort': 1.132, 'purpos': 1.105, 'disburs': 1.079, 'promis': 1.066, 'timeshareland': 1.053, '5050477': 1.039} ",,,,,,,,,,,,,,,,,,,,,,,,,,,,,,,,,,,,,,,,,,
811,handwriting recognition ,0.2808,1,relevancefeedback.topn10.qld,0.3177,handwriting recognition inform handwrit signal project charact ,,,,,,,,,,,,,,,,,,,,,,,,,,,,,,,,,,,,,,,,,,,,,,,,,,,
812,total knee replacement surgery ,0.5012,2,adaponfields.topn3.exrobust04.2.25.1.10.4.0.25.qld,0.5733,"{'replac': 2, 'total': 2, 'surgeri': 2, 'knee': 2, 'peach': 1.333, 'dietrich': 1.292, 'goldwat': 1.25, 'dodger': 1.167, 'kal': 1.125, 'zan': 1.083, 'toetip': 1.042, 'overexuber': 1.042, 'mixedbre': 1.042} ",conceptluster.topn5.3.qld,0.5131,total knee replacement surgery knee replacement ,,,,,,,,,,,,,,,,,,,,,,,,,,,,,,,,,,,,,,,,,,,,,,,,
813,Atlantic Intracoastal Waterway ,0.2986,1,onfields.topn3.10.4.0.25.qld,0.3069,"{'atlant': 2, 'florida': 2.0, 'intracoast': 2, 'waterway': 2, 'river': 1.908, 'navig': 1.387, 'barg': 1.345, 'inland': 1.227, 'dredg': 1.202, 'okeechobe': 1.151, 'coastwis': 1.101} ",,,,,,,,,,,,,,,,,,,,,,,,,,,,,,,,,,,,,,,,,,,,,,,,,,,
814,Johnstown flood ,0.6922,1,wiki.topn3,0.7036,johnstown flood      meteorology      in pennsylvania south fork dam Johnstown Flood ,,,,,,,,,,,,,,,,,,,,,,,,,,,,,,,,,,,,,,,,,,,,,,,,,,,
815,Coast Guard rescues ,0.1404,4,onfields.topn3.10.4.0.25.qld,0.2255,"{'rescu': 2, 'coast': 2, 'guard': 2, 'respons': 1.12, 'fontfamilytim': 1.12, 'msopaginationwidoworphan': 1.076, 'marginbottom0001pt': 1.076, 'margin0in': 1.076, 'msobidifontsize100pt': 1.057, 'fontsize120pt': 1.051, 'msofareastfontfamilytim': 1.044} ",adaponfields.topn3.exrobust04.2.25.1.10.4.0.25.qld,0.2,"{'guard': 2, 'coast': 2, 'rescu': 2, 'raft': 1.652, 'humphrey': 1.609, 'mugu': 1.478, 'blaze': 1.304, 'rescuer': 1.304, 'gelgean': 1.304, 'clement': 1.261, 'toro': 1.174, 'exercis': 1.13, 'fa18a': 1.13} ",sensedisambiguation,0.1911,Coast slide Guard precaution rescues rescue ,relevancefeedback.topn10.qld,0.1417,coast guard rescues search ,,,,,,,,,,,,,,,,,,,,,,,,,,,,,,,,,,,,,,,,,,
816,USAID assistance to Galapagos ,0.7736,2,onfields.topn3.10.4.0.25.qld,0.8266,"{'galapago': 2, 'to': 2, 'assist': 2, 'usaid': 2, 'msolevelnumberpositionleft': 2.0, 'textindent25in': 1.998, 'msoleveltext': 1.993, 'msolevelnumberformatbullet': 1.993, 'fontfamilysymbol': 1.454, 'fontfamilywingd': 1.323, 'msoansifontsize100pt': 1.309, 'msoleveltextf0b7': 1.251, 'msoleveltextf0a7': 1.217, 'msoleveltextf0a8': 1.203, 'fontfamilytim': 1.174} ",bertqe.topn10.qld,0.7909,"{'USAID assistance to Galapagos': 1.5, 'galapagos  although usaid provides': 1.0, 'usaidsupported activities galapagos ': 1.0, 'usaid galapagos': 1.0, 'galapagos ecosystem  usaid': 1.0, 'galapagos  br   p   br   u  description  u   usaid': 0.9761904761904762} ",,,,,,,,,,,,,,,,,,,,,,,,,,,,,,,,,,,,,,,,,,,,,,,,
817,sports stadium naming rights ,0.2786,3,tagmee.topn3,0.358,sports stadium naming rights Stadium Naming rights ,conceptluster.topn5.3.qld,0.358,sports stadium naming rights naming rights stadium ,rm3.topn10.10.0.5.qld,0.3028,park revenu player sport right tax minnesota stadium franchis contract facil name ,,,,,,,,,,,,,,,,,,,,,,,,,,,,,,,,,,,,,,,,,,,,,
818,Chaco Culture National Park ,0.2037,3,adaponfields.topn3.exrobust04.2.25.1.10.4.0.25.qld,0.5095,"{'park': 2, 'nation': 2, 'cultur': 2, 'chaco': 2, 'cours': 1.737, 'hous': 1.605, 'chacoan': 1.342, 'fiveday': 1.184, 'canyonland': 1.158, 'elderhostel': 1.105, 'threeday': 1.105, 'twoday': 1.079, 'barkshir': 1.079, 'fournight': 1.053} ",onfields.topn3.10.4.0.25.qld,0.3773,"{'nation': 2, 'park': 2, 'cultur': 2, 'chaco': 2, 'histor': 1.98, 'monument': 1.62, 'committe': 1.46, 'affili': 1.4, 'pueblo': 1.37, 'repatri': 1.15, 'image10070': 1.14, 'monacan': 1.08} ",bertqe.topn10.qld,0.2463,{'Chaco Culture National Park': 1.5} ,,,,,,,,,,,,,,,,,,,,,,,,,,,,,,,,,,,,,,,,,,,,,
819,Census ,0.0047,16,bertqe.topn10.qld,0.3128,"{'1890 Census': 1.5, 'census 1990': 1.0, 'census  1990  td   tr   tr ': 0.9991742361684559, 'pop census  1990  td   tr ': 0.9973162675474815, ' gen census 1990   td   td  gen': 0.9882328654004956, '1990 census  references': 0.9772914946325351} ",adaponfields.topn3.exrobust04.2.25.1.10.4.0.25.qld,0.2503,"{'censu': 2, '1890': 2, 'pite': 2.0, '2921': 1.5, 'styless': 1.125, '1238048': 1.125, '3361500': 1.125, '18611934': 1.125, '2816061': 1.125, '1970358': 1.125, '1504277': 1.125, '2966850': 1.125, 'waless': 1.125} ",rm3.topn10.10.0.5.qld,0.1292,na fire           schedul popul censu archiv secretari jan ,word2vec.topn3,0.0695,census                censuses Censuses ,thesaurus.topn3,0.0344,census  enumeration poll ,relevancefeedback.topn10.qld,0.033,census censu popul record ,word2vec.topn3.replace,0.0277,censuses Censuses ,termluster.topn5.3.qld,0.0246,census access archiv articl ,tagmee.topn3,0.0148,census      United States Census ,conceptluster.topn5.3.qld,0.0148,census      united states census ,wiki.topn3,0.0123,census      united states census      united states census      united states census      United States Census ,wiki.topn3.replace,0.0092,united states census      united states census      united states census      United States Census ,tagmee.topn3.replace,0.0092,United States Census ,conceptnet.topn3,0.0074,census population ,docluster.topn10.3.qld,0.0069,census censu popul ,glove.topn3,0.0058,census           population inhabitants ,,,,,,
820,imported fire ants ,0.7563,0,,,,,,,,,,,,,,,,,,,,,,,,,,,,,,,,,,,,,,,,,,,,,,,,,,,,,,
821,Internet work at home scams ,0.2364,0,,,,,,,,,,,,,,,,,,,,,,,,,,,,,,,,,,,,,,,,,,,,,,,,,,,,,,
822,Custer s Last Stand ,0.0725,11,adaponfields.topn3.exrobust04.2.25.1.10.4.0.25.qld,0.2441,"{'stand': 2, 'last': 2, ""custer'"": 2, 'that': 2.0, 'custer': 1.872, 'punsalan': 1.41, 'booher': 1.308, 'carson': 1.282, 'battlefield': 1.282, 'there': 1.256, 'mitoma': 1.128, 'huenem': 1.077, 'mintzmyer': 1.077, '70million': 1.051} ",tagmee.topn3,0.1868,custer  s last stand Battle of the Little Bighorn ,conceptluster.topn5.3.qld,0.1868,custer  s last stand battle little bighorn ,wiki.topn3,0.1177,custer  s last stand battlof throsebud marias massacre son of thmorning star Battle of the Little Bighorn ,tagmee.topn3.replace,0.1171,Battle of the Little Bighorn ,rm3.topn10.10.0.5.qld,0.1062,indian georg hi foreword stand last custer nativ littl he fiction battl ,onfields.topn3.10.4.0.25.qld,0.1013,"{'stand': 2, 'last': 2, ""custer'"": 2, 'custer': 2.0, 'nativ': 1.914, 'var': 1.486, 'flander': 1.229, 'documentsearchwidgitsearchtyp': 1.171, 'documentwriteopt': 1.171, 'savedsearch': 1.143, 'savedscop': 1.143, 'documentsearchwidgitsortdropdownoptionslength': 1.143, 'savedtag': 1.114, 'immigrationn': 1.029} ",relevancefeedback.topn10.qld,0.096,custer s last stand custer american ,docluster.topn10.3.qld,0.096,custer s last stand custer american ,bertqe.topn10.qld,0.0824,"{'Custers Last Stand': 1.5, 'custer s last stand  john': 1.0, ' custer s last stand ': 0.6923076923076923, 'last stand  aftermath  p   p  custer': 0.6923076923076923, 'custer s last battle ': 0.6153846153846153, 'american  custer s last stand  title   meta': 0.5384615384615385} ",termluster.topn5.3.qld,0.0786,custer  s last stand last stand custer stand custer last ,,,,,,,,,,,,,,,,,,,,,
823,Continuing care retirement communities ,0.2914,1,relevancefeedback.topn10.qld,0.5165,continuing care retirement communities oper provid ccrc ,,,,,,,,,,,,,,,,,,,,,,,,,,,,,,,,,,,,,,,,,,,,,,,,,,,
824,Civil Air Patrol ,0.3261,4,rm3.topn10.10.0.5.qld,0.445,patrol member civil forc amend cadet mission aerospac secretari air ,wiki.topn3,0.4276,civil air patrol civil air patrol american military youth groups air cadet organisations Civil Air Patrol ,wiki.topn3.replace,0.415,civil air patrol american military youth groups air cadet organisations Civil Air Patrol ,relevancefeedback.topn10.qld,0.3299,civil air patrol   you ,,,,,,,,,,,,,,,,,,,,,,,,,,,,,,,,,,,,,,,,,,
825,National Guard Involvement in Iraq ,0.0687,0,,,,,,,,,,,,,,,,,,,,,,,,,,,,,,,,,,,,,,,,,,,,,,,,,,,,,,
826,Florida Seminole Indians ,0.2695,5,conceptluster.topn5.3.qld,0.5427,florida seminole indians seminole tribe florida ,tagmee.topn3,0.4589,florida seminole indians Florida Seminole Tribe of Florida Seminole Seminole ,tagmee.topn3.replace,0.4555,Florida Seminole Tribe of Florida Seminole Seminole ,wiki.topn3,0.4215,florida seminole indians peninsulas of the united states southeastern united states florida Florida miccosukeindian reservation brighton seminolindian reservation american indian reservations in florida Seminole Tribe of Florida uchebilly seminolwars billy bowlegs Seminole uchebilly seminolwars billy bowlegs Seminole ,wiki.topn3.replace,0.3783,peninsulas of the united states southeastern united states florida Florida miccosukeindian reservation brighton seminolindian reservation american indian reservations in florida Seminole Tribe of Florida uchebilly seminolwars billy bowlegs Seminole uchebilly seminolwars billy bowlegs Seminole ,,,,,,,,,,,,,,,,,,,,,,,,,,,,,,,,,,,,,,,
827,Hidden Markov Modeling HMM ,0.4363,4,glove.topn3,0.4817,hidden markov modeling hmm hiding hid continuous time bb   simulation hmmm nope ,wiki.topn3,0.4709,hidden markov modeling hmm càdlàg feigenbaum constants central limit theorem Markov process power law statistical model parameter Mathematical model unsupervised learning support vector machine markov model Hidden Markov model ,anchor.topn3,0.4469,hidden markov modeling hmm    hidden    hidden br treasur   predict chain process  ctmc  deribeev wall cross ktarian svk br r ,stem.paicehusk,0.4394,hid markov model hmm ,,,,,,,,,,,,,,,,,,,,,,,,,,,,,,,,,,,,,,,,,,
828,secret shoppers ,0.2763,0,,,,,,,,,,,,,,,,,,,,,,,,,,,,,,,,,,,,,,,,,,,,,,,,,,,,,,
829,Spanish Civil War support ,0.0755,2,stem.krovetz,0.1016,spain civil war support ,tagmee.topn3,0.098,spanish civil war support Spanish Civil War Close air support ,,,,,,,,,,,,,,,,,,,,,,,,,,,,,,,,,,,,,,,,,,,,,,,,
830,model railroads ,0.0254,2,adaponfields.topn3.exrobust04.2.25.1.10.4.0.25.qld,0.1422,"{'model': 2, 'railroad': 2, 'layout': 1.729, 'that': 1.61, 'drucker': 1.203, 'nehrich': 1.153, 'miniatur': 1.136, 'schrock': 1.102, 'hobbyist': 1.068, 'macik': 1.068, 'roundhous': 1.034, 'hobbi': 1.0} ",thesaurus.topn3,0.0384,model railroads  exemplary miniature  rail line railway ,,,,,,,,,,,,,,,,,,,,,,,,,,,,,,,,,,,,,,,,,,,,,,,,
831,Dulles Airport security ,0.5786,0,,,,,,,,,,,,,,,,,,,,,,,,,,,,,,,,,,,,,,,,,,,,,,,,,,,,,,
832,labor union activity ,0.1706,0,,,,,,,,,,,,,,,,,,,,,,,,,,,,,,,,,,,,,,,,,,,,,,,,,,,,,,
833,Iceland government ,0.5123,3,thesaurus.topn3,0.6014,iceland government   authority law ,tagmee.topn3,0.5424,iceland government Politics of Iceland ,conceptluster.topn5.3.qld,0.5424,iceland government politics iceland ,,,,,,,,,,,,,,,,,,,,,,,,,,,,,,,,,,,,,,,,,,,,,
834,Global positioning system earthquakes ,0.3159,3,rm3.topn10.10.0.5.qld,0.3938,earthquak measur fault system describ deform satellit gp posit global precis ,docluster.topn10.3.qld,0.3518,global positioning system earthquakes posit earthquak ,relevancefeedback.topn10.qld,0.343,global positioning system earthquakes posit volcano earthquak gp ,,,,,,,,,,,,,,,,,,,,,,,,,,,,,,,,,,,,,,,,,,,,,
835,Big Dig pork ,0.0826,1,onfields.topn3.10.4.0.25.qld,0.3543,"{'pork': 2, 'big': 2, 'dig': 2, 'offici': 1.894, 'bpb': 1.652, 'fhwa': 1.63, 'billion': 1.54, 'sheriff': 1.368, 'purchas': 1.318, 'disclos': 1.273, 'overrun': 1.228, 'csurev6': 1.1} ",,,,,,,,,,,,,,,,,,,,,,,,,,,,,,,,,,,,,,,,,,,,,,,,,,,
836,illegal immigrant wages ,0.218,1,anchor.topn3,0.2309,illegal immigrant wages voofoo grumpyfac noodlecak   fyn   lorri   nord ,,,,,,,,,,,,,,,,,,,,,,,,,,,,,,,,,,,,,,,,,,,,,,,,,,,
837,Eskimo History ,0.0671,3,tagmee.topn3,0.0889,eskimo history Eskimo kinship History ,conceptluster.topn5.3.qld,0.0842,eskimo history eskimo kinship ,docluster.topn10.3.qld,0.0784,eskimo history bird whale alaska ,,,,,,,,,,,,,,,,,,,,,,,,,,,,,,,,,,,,,,,,,,,,,
838,urban suburban coyotes ,0.2955,5,sensedisambiguation,0.5389,urban suburban coyotes coyote ,relevancefeedback.topn10.qld,0.4949,urban suburban coyotes coyot forest food ,onfields.topn3.10.4.0.25.qld,0.4863,"{'suburban': 2, 'urban': 2, 'coyot': 2, 'anim': 1.221, 'ws': 1.169, 'dog': 1.162, 'pet': 1.147, 'pup': 1.118, 'livestock': 1.103, 'garbag': 1.081, 'mendocino': 1.051, 'increas': 1.051, 'poultri': 1.0} ",docluster.topn10.3.qld,0.4621,urban suburban coyotes coyot forest ,rm3.topn10.10.0.5.qld,0.3966,pet suburban food human wildlif coyot anim bird urban forest dog ,,,,,,,,,,,,,,,,,,,,,,,,,,,,,,,,,,,,,,,
839,textile dyeing techniques ,0.5587,1,docluster.topn10.3.qld,0.6236,textile dyeing techniques dye us wast ,,,,,,,,,,,,,,,,,,,,,,,,,,,,,,,,,,,,,,,,,,,,,,,,,,,
840,Geysers ,0.1648,0,,,,,,,,,,,,,,,,,,,,,,,,,,,,,,,,,,,,,,,,,,,,,,,,,,,,,,
841,camel North America ,0.3307,2,relevancefeedback.topn10.qld,0.3974,camel north america anim ic poebrotherium student fossil yarn ,onfields.topn3.10.4.0.25.qld,0.3338,"{'north': 2, 'camel': 2, 'america': 2, 'anim': 1.902, 'sloth': 1.878, 'megalonyx': 1.634, 'fossil': 1.585, 'hagerman': 1.488, 'extinct': 1.463, 'bison': 1.415, 'hors': 1.341, 'claw': 1.293, 'latifron': 1.244} ",,,,,,,,,,,,,,,,,,,,,,,,,,,,,,,,,,,,,,,,,,,,,,,,
842,David McCullough ,0.0978,3,adaponfields.topn3.exrobust04.2.25.1.10.4.0.25.qld,0.4228,"{'david': 2, 'mccullough': 2, 'truman': 1.36, 'compens': 1.34, 'triton': 1.32, 'henley': 1.2, 'nono': 1.16, 'mdir': 1.16, 'intermark': 1.16, '600000': 1.12, 'yesy': 1.12, 'toppaid': 1.04} ",wiki.topn3,0.1164,david mccullough books about john adams john adams  book  joseph sabin David McCullough ,onfields.topn3.10.4.0.25.qld,0.1146,"{'david': 2, 'mccullough': 2, 'var': 1.386, 'null': 1.295, 'nonfict': 1.22, 'documentsearchwidgitsearchtyp': 1.136, 'documentwriteopt': 1.136, 'savedsearch': 1.114, 'savedscop': 1.114, 'documentsearchwidgitsortdropdownoptionslength': 1.114, 'newurl': 1.091, 'savedtag': 1.091} ",,,,,,,,,,,,,,,,,,,,,,,,,,,,,,,,,,,,,,,,,,,,,
843,Pol Pot ,0.3728,6,wiki.topn3,0.6169,pol pot people from kampong thom province cambodian people convicted of murder cambodian genocide Pol Pot ,termluster.topn5.3.qld,0.6158,pol pot cambodia khmer pot cambodia khmer pol ,rm3.topn10.10.0.5.qld,0.5877,rubin khmer de cambodian pol he cambodia pot que mr ,wiki.topn3.replace,0.4463,people from kampong thom province cambodian people convicted of murder cambodian genocide Pol Pot ,adaponfields.topn3.exrobust04.2.25.1.10.4.0.25.qld,0.3943,"{'pot': 2, 'pol': 2, 'cambodia': 1.865, 'cambodian': 1.405, 'faction': 1.351, 'khmer': 1.297, 'penh': 1.189, 'phnom': 1.189, 'saloth': 1.108, 'khieu': 1.081, 'samphan': 1.081} ",glove.topn3,0.3897,pol pot rouge maj boiling ,,,,,,,,,,,,,,,,,,,,,,,,,,,,,,,,,,,,
844,segmental duplications ,0.0549,4,tagmee.topn3,0.1296,segmental duplications Segmentation  biology  Gene duplication ,conceptluster.topn5.3.qld,0.1296,segmental duplications gene duplication segmentation biology ,sensedisambiguation,0.0919,segmental duplications duplication ,tagmee.topn3.replace,0.0782,Segmentation  biology  Gene duplication ,,,,,,,,,,,,,,,,,,,,,,,,,,,,,,,,,,,,,,,,,,
845,New Jersey tomato ,0.3806,1,conceptluster.topn5.3.qld,0.3989,new jersey tomato jersey tomato ,,,,,,,,,,,,,,,,,,,,,,,,,,,,,,,,,,,,,,,,,,,,,,,,,,,
846,heredity and obesity ,0.1802,1,termluster.topn5.3.qld,0.1904,heredity obesity weight problem person ,,,,,,,,,,,,,,,,,,,,,,,,,,,,,,,,,,,,,,,,,,,,,,,,,,,
847,Portugal World War II ,0.2543,2,rm3.topn10.10.0.5.qld,0.6916,german portug ii switzerland swiss war      world      fiction gold neutral ,adaponfields.topn3.exrobust04.2.25.1.10.4.0.25.qld,0.3411,"{'ii': 2, 'world': 2, 'portug': 2, 'war': 2, 'that': 1.493, 'advertis': 1.103, 'fussel': 1.096, 'wartim': 1.074, 'hitler': 1.059, 'increas': 1.037, 'superpow': 1.029, 'fourlett': 1.029, 'pepsicola': 1.022, 'highminded': 1.015} ",,,,,,,,,,,,,,,,,,,,,,,,,,,,,,,,,,,,,,,,,,,,,,,,
848,radio station call letters ,0.1069,4,rm3.topn10.10.0.5.qld,0.1534,am call assign broadcast owner radio sign station fm compani letter ,docluster.topn10.3.qld,0.1484,radio station call letters fm ,termluster.topn5.3.qld,0.1241,radio station call letters call letter station call letter radio letter radio station station radio locat ,relevancefeedback.topn10.qld,0.1082,radio station call letters fm l your ham compani ,,,,,,,,,,,,,,,,,,,,,,,,,,,,,,,,,,,,,,,,,,
849,Scalable Vector Graphics ,0.2102,5,relevancefeedback.topn10.qld,0.3487,scalable vector graphics imag svg graphic visual file render t ,rm3.topn10.10.0.5.qld,0.3344,render scalabl visual vector color patent svg gif devic graphic ,wiki.topn3,0.3256,scalable vector graphics mathml web browser engine konqueror Scalable Vector Graphics ,onfields.topn3.10.4.0.25.qld,0.2985,"{'vector': 2, 'scalabl': 2, 'graphic': 2, 'svg': 2.0, 'plot': 1.563, 'devic': 1.479, 'style': 1.437, 'pixel': 1.38, 'extens': 1.324, 'dataplot': 1.254, 'ipl1na': 1.085} ",termluster.topn5.3.qld,0.2337,scalable vector graphics vector graphic format graphic scalabl format vector scalabl format ,,,,,,,,,,,,,,,,,,,,,,,,,,,,,,,,,,,,,,,
850,Mississippi River flood ,0.2103,2,adaponfields.topn3.exrobust04.2.25.1.10.4.0.25.qld,0.2897,"{'river': 2, 'mississippi': 2, 'flood': 2, 'leve': 1.284, 'pere': 1.075, 'schwenk': 1.06, 'there': 1.045, 'heatwav': 1.045, 'cruis': 1.03, 'excurs': 1.03, 'washingtonbas': 1.015, '298bn': 1.015, 'mississippimissouri': 1.015} ",conceptluster.topn5.3.qld,0.2598,mississippi river flood flood ,,,,,,,,,,,,,,,,,,,,,,,,,,,,,,,,,,,,,,,,,,,,,,,,
