qid,abstractqueryexpansion,abstractqueryexpansion.bm25.map,star_model_count,method.1,metric.1,query.1,method.2,metric.2,query.2,method.3,metric.3,query.3,method.4,metric.4,query.4,method.5,metric.5,query.5,method.6,metric.6,query.6,method.7,metric.7,query.7,method.8,metric.8,query.8,method.9,metric.9,query.9,method.10,metric.10,query.10,method.11,metric.11,query.11,method.12,metric.12,query.12,method.13,metric.13,query.13,method.14,metric.14,query.14,method.15,metric.15,query.15,method.16,metric.16,query.16,method.17,metric.17,query.17,method.18,metric.18,query.18
701,U S  oil industry history ,0.0075,1,bertqe.topn10.bm25,0.0122,"{'US oil industry history': 1.5, 'history petroleum industry': 1.0, 'history oil': 0.9953399122807017, 'oil gas industry started': 0.9945175438596491, '1977 u s oil': 0.9925986842105263, 'oil gas industry': 0.9912280701754386} ",,,,,,,,,,,,,,,,,,,,,,,,,,,,,,,,,,,,,,,,,,,,,,,,,,,
702,Pearl farming ,0.0482,6,onfields.topn3.10.4.0.25.bm25,0.1384,"{'farm': 2, 'pearl': 2, 'option': 1.535, 'jorstad': 1.302, 'freshwat': 1.233, 'corn': 1.198, 'shell': 1.186, 'exercis': 1.174, 'maynard': 1.151, 'nw2d': 1.116, 'wirbel': 1.105, 'jerri': 1.0} ",thesaurus.topn3,0.1111,pearl farming  jewel nacre  agriculture breeding ,wiki.topn3,0.1076,pearl farming pearls jewellery components gemstone Pearl ,wiki.topn3.replace,0.0855,pearls jewellery components gemstone Pearl ,tagmee.topn3.replace,0.0491,Pearl ,bertqe.topn10.bm25,0.0491,"{'Pearl farming': 1.5, 'pearl farm established': 1.0, 'pearl farms  james peach ': 0.9818181818181818, 'pearl farms tennessee': 0.9272727272727274, 'pearl farm': 0.8272727272727273, 'pearl wirbel s farm rests': 0.7636363636363637} ",,,,,,,,,,,,,,,,,,,,,,,,,,,,,,,,,,,,
703,U S  against International Criminal Court ,,0,,,,,,,,,,,,,,,,,,,,,,,,,,,,,,,,,,,,,,,,,,,,,,,,,,,,,,
704,Green party political views ,0.2345,0,,,,,,,,,,,,,,,,,,,,,,,,,,,,,,,,,,,,,,,,,,,,,,,,,,,,,,
705,Iraq foreign debt reduction ,0.2626,4,tagmee.topn3.replace,0.4586,Iraq External debt Debt ,tagmee.topn3,0.4493,iraq foreign debt reduction Iraq External debt Debt ,stem.trunc5,0.3914,iraq forei debt reduc ,stem.trunc4,0.3355,iraq fore debt redu ,,,,,,,,,,,,,,,,,,,,,,,,,,,,,,,,,,,,,,,,,,
706,Controlling type II diabetes ,0.058,7,stem.paicehusk,0.0972,control type iy diabet ,adaponfields.topn3.exrobust04.2.25.1.10.4.0.25.bm25,0.0879,"{'ii': 2, 'type': 2, 'control': 2, 'diabet': 2, 'that': 1.617, 'diseas': 1.235, 'insulin': 1.226, 'imuran': 1.096, 'increas': 1.07, 'polopolu': 1.052, 'promis': 1.043, 'glucos': 1.043, 'bloodsugar': 1.026, 'undiagnos': 1.026} ",relevancefeedback.topn10.bm25,0.0843,controlling type ii diabetes diabet ,docluster.topn10.3.bm25,0.0843,controlling type ii diabetes diabet ,termluster.topn5.3.bm25,0.0675,controlling type ii diabetes type treatment treat blood complic control type treatment treat ,sensedisambiguation.replace,0.0648,see type two diabetes ,sensedisambiguation,0.0599,Controlling see type II two diabetes ,,,,,,,,,,,,,,,,,,,,,,,,,,,,,,,,,
707,Aspirin cancer prevention ,0.2599,5,conceptluster.topn5.3.bm25,0.365,aspirin cancer prevention cancer cancer prevention ,tagmee.topn3.replace,0.3187,Aspirin Cancer Cancer prevention ,onfields.topn3.10.4.0.25.bm25,0.3069,"{'prevent': 2, 'cancer': 2, 'aspirin': 2, 'reject': 1.313, 'colon': 1.296, 'adenoma': 1.278, 'colorect': 1.226, '08256065': 1.148, '19972336': 1.148, 'transderm': 1.122, 'polyp': 1.122, 'cancergov': 1.052} ",termluster.topn5.3.bm25,0.2943,aspirin cancer prevention cancer mai prevent aspirin mai prevent studi site risk ,tagmee.topn3,0.2941,aspirin cancer prevention Aspirin Cancer Cancer prevention ,,,,,,,,,,,,,,,,,,,,,,,,,,,,,,,,,,,,,,,
708,Decorative slate sources ,0.2365,0,,,,,,,,,,,,,,,,,,,,,,,,,,,,,,,,,,,,,,,,,,,,,,,,,,,,,,
709,Horse racing jockey weight ,0.8146,1,sensedisambiguation,0.838,Horse sawhorse racing rush jockey weight weight unit ,,,,,,,,,,,,,,,,,,,,,,,,,,,,,,,,,,,,,,,,,,,,,,,,,,,
710,Prostate cancer treatments ,0.5473,0,,,,,,,,,,,,,,,,,,,,,,,,,,,,,,,,,,,,,,,,,,,,,,,,,,,,,,
711,Train station security measures ,0.0699,3,rm3.topn10.10.0.5.bm25,0.1062,veteran measur polic train bart secur transport transit station personnel attack ,onfields.topn3.10.4.0.25.bm25,0.0899,"{'measur': 2, 'secur': 2, 'train': 2, 'station': 2, 'bu': 2.0, 'transport': 1.759, 'bomb': 1.702, 'attack': 1.686, 'terrorist': 1.414, 'passeng': 1.304, 'respons': 1.304, 'kill': 1.298, 'mineta': 1.252, 'explos': 1.132} ",tagmee.topn3,0.0796,train station security measures Train station Airport security ,,,,,,,,,,,,,,,,,,,,,,,,,,,,,,,,,,,,,,,,,,,,,
712,Pyramid scheme ,0.5529,0,,,,,,,,,,,,,,,,,,,,,,,,,,,,,,,,,,,,,,,,,,,,,,,,,,,,,,
713,Chesapeake Bay Maryland clean ,0.3337,0,,,,,,,,,,,,,,,,,,,,,,,,,,,,,,,,,,,,,,,,,,,,,,,,,,,,,,
714,License restrictions older drivers ,0.16,0,,,,,,,,,,,,,,,,,,,,,,,,,,,,,,,,,,,,,,,,,,,,,,,,,,,,,,
715,Schizophrenia drugs ,0.1519,1,sensedisambiguation,0.1675,Schizophrenia drugs drug ,,,,,,,,,,,,,,,,,,,,,,,,,,,,,,,,,,,,,,,,,,,,,,,,,,,
716,Spammer arrest sue ,0.0857,6,tagmee.topn3,0.182,spammer arrest sue Spamming Arrest Lawsuit ,conceptluster.topn5.3.bm25,0.182,spammer arrest sue spamming arrest lawsuit ,tagmee.topn3.replace,0.1066,Spamming Arrest Lawsuit ,sensedisambiguation,0.1015,Spammer arrest halt sue ,sensedisambiguation.replace,0.0944,spammer halt sue ,onfields.topn3.10.4.0.25.bm25,0.0886,"{'sue': 2, 'arrest': 2, 'spammer': 2, 'spam': 2.0, 'consum': 1.356, 'email': 1.326, 'legisl': 1.296, 'isp': 1.23, 'legitim': 1.141, 'ftc': 1.133, 'provis': 1.074, 'ecommerc': 1.067, 'optout': 1.059} ",,,,,,,,,,,,,,,,,,,,,,,,,,,,,,,,,,,,
717,Gifted talented student programs ,0.3544,2,relevancefeedback.topn10.bm25,0.3632,gifted talented student programs gift ,docluster.topn10.3.bm25,0.3632,gifted talented student programs gift ,,,,,,,,,,,,,,,,,,,,,,,,,,,,,,,,,,,,,,,,,,,,,,,,
718,Controlling acid rain ,0.3409,0,,,,,,,,,,,,,,,,,,,,,,,,,,,,,,,,,,,,,,,,,,,,,,,,,,,,,,
719,Cruise ship damage sea life ,0.0658,7,bertqe.topn10.bm25,0.1616,"{'Cruise ship damage sea life': 1.5, 'cruise ships sensitive ecosystems16': 1.0, 'marine pollution cruise ships ': 0.9615384615384615, 'impacts cruise ships': 0.30769230769230765, 'smoke damage  cruise ship': 0.4615384615384615, 'toxic hazardous cruise ship': 0.38461538461538464} ",glove.topn3,0.1057,cruise ship damage sea life ship vessel caused ocean waters lives even ,onfields.topn3.10.4.0.25.bm25,0.1023,"{'life': 2, 'sea': 2, 'damag': 2, 'ship': 2, 'cruis': 2, 'wast': 1.51, 'discharg': 1.497, 'marin': 1.325, 'pollut': 1.304, 'coast': 1.271, 'vessel': 1.24, 'sewag': 1.173, 'microlay': 1.134, 'marpol': 1.082} ",tagmee.topn3,0.0796,cruise ship damage sea life Cruise ship Marine biology ,anchor.topn3,0.0771,cruise ship damage sea life kommuna   cunnari communa   normalhöhennul  trsa    vega apicomplexan kdblife nánjīng    small ,conceptluster.topn5.3.bm25,0.0719,cruise ship damage sea life marine biology ,word2vec.topn3,0.0678,cruise ship damage sea life small ship vessel warship damange harm ocean lives life   life ,,,,,,,,,,,,,,,,,,,,,,,,,,,,,,,,,
720,Federal welfare reform ,0.2768,1,docluster.topn10.3.bm25,0.2985,federal welfare reform welfar state ,,,,,,,,,,,,,,,,,,,,,,,,,,,,,,,,,,,,,,,,,,,,,,,,,,,
721,Census data applications ,0.0217,3,docluster.topn10.3.bm25,0.0388,census data applications censu ,thesaurus.topn3,0.0328,census data applications  enumeration poll  dossier evidence  function operation ,adaponfields.topn3.exrobust04.2.25.1.10.4.0.25.bm25,0.0269,"{'applic': 2, 'data': 2, 'censu': 2, 'that': 2.0, 'compton': 1.116, 'decis': 1.087, 'nowakowski': 1.087, 'undercount': 1.072, 'purchas': 1.058, 'strategist': 1.058, 'curland': 1.043, 'gadt': 1.043, 'highspe': 1.029, 'flurri': 1.0} ",,,,,,,,,,,,,,,,,,,,,,,,,,,,,,,,,,,,,,,,,,,,,
722,Iran terrorism ,0.4206,1,word2vec.topn3,0.4314,iran terrorism iranian Iran  iran  terrorist ,,,,,,,,,,,,,,,,,,,,,,,,,,,,,,,,,,,,,,,,,,,,,,,,,,,
723,Executive privilege ,0.1443,3,relevancefeedback.topn10.bm25,0.2957,executive privilege privileg document staff attornei presid ,docluster.topn10.3.bm25,0.2596,executive privilege document staff presid ,rm3.topn10.10.0.5.bm25,0.1574,attornei staff redact committe court counsel presid presidenti shall privileg execut ,,,,,,,,,,,,,,,,,,,,,,,,,,,,,,,,,,,,,,,,,,,,,
724,Iran Contra ,0.2083,5,adaponfields.topn3.exrobust04.2.25.1.10.4.0.25.bm25,0.3312,"{'contra': 2, 'iran': 2, 'reagan': 2.0, 'irancontra': 1.8, 'poindext': 1.64, 'hous': 1.24, 'advis': 1.16, 'releas': 1.12, 'nield': 1.08, 'inkl': 1.08, 'contrag': 1.04, 'exwhit': 1.04, 'defiantli': 1.0} ",relevancefeedback.topn10.bm25,0.2988,iran contra defend cia   casei record ,rm3.topn10.10.0.5.bm25,0.2963,cia hi affair casei      iran contra fiction book ,docluster.topn10.3.bm25,0.2935,iran contra casei cia ,thesaurus.topn3,0.2331,iran contra   about face again ,,,,,,,,,,,,,,,,,,,,,,,,,,,,,,,,,,,,,,,
725,Low white blood cell count ,0.2997,0,,,,,,,,,,,,,,,,,,,,,,,,,,,,,,,,,,,,,,,,,,,,,,,,,,,,,,
726,Hubble telescope repairs ,0.5387,1,thesaurus.topn3,0.5436,hubble telescope repairs   abbreviate constrict  adjustment improvement ,,,,,,,,,,,,,,,,,,,,,,,,,,,,,,,,,,,,,,,,,,,,,,,,,,,
727,Church arson ,0.4169,2,wordnet.topn3,0.498,church arson Christian church church building church service incendiarism fire raising ,sensedisambiguation,0.4681,Church church service arson ,,,,,,,,,,,,,,,,,,,,,,,,,,,,,,,,,,,,,,,,,,,,,,,,
728,whales save endangered ,0.4563,1,docluster.topn10.3.bm25,0.4944,whales save endangered whale ,,,,,,,,,,,,,,,,,,,,,,,,,,,,,,,,,,,,,,,,,,,,,,,,,,,
729,Whistle blower department of defense ,0.0033,15,tagmee.topn3.replace,0.1468,Whistleblower United States Department of Defense ,glove.topn3,0.0852,whistle blower department defense blowing whistleblower administration defence ,word2vec.topn3,0.0498,whistle blower department defense swanee whistle blowing dept defence ,glove.topn3.replace,0.0386,blowing whistleblower administration defence ,tagmee.topn3,0.0319,whistle blower department defense Whistleblower United States Department of Defense ,conceptluster.topn5.3.bm25,0.0319,whistle blower department defense united states department defense whistleblower ,bertqe.topn10.bm25,0.0246,"{'Whistle blower department of defense': 1.5, 'whistleblower information disclosed 1530016 investigation': 1.0, 'federal intervention whistleblower': 0.8806699232379624, 'facearial  helvetica  sansserif size2   b  section 18500  whistle blower ': 0.3838101884159111, 'whistleblower lawsuit lockheed': 0.3635729239357989, 'whistleblowers qui tam': 0.3014654570830428} ",thesaurus.topn3,0.0204,whistle blower department defense  blare hiss  blowhard blusterer  administration agency  aegis armor ,adaponfields.topn3.exrobust04.2.25.1.10.4.0.25.bm25,0.0126,"{'of': 2, 'depart': 2, 'blower': 2, 'whistl': 2, 'defens': 2, 'whistleblow': 1.645, 'northrop': 1.548, 'fitzgerald': 1.516, 'decis': 1.419, 'fals': 1.387, 'pfaelzer': 1.258, 'glazer': 1.226, 'pentagonist': 1.161, 'penina': 1.097} ",word2vec.topn3.replace,0.0091,swanee whistle blowing dept defence ,stem.paicehusk,0.0077,whistl blow depart of defens ,termluster.topn5.3.bm25,0.0071,whistle blower department defense said new govern depart govern said whistl said new ,anchor.topn3.replace,0.0055,whistle blowers   journalist  car siegel coop mayotte presid nano fifth gener defense ,wiki.topn3,0.0054,whistle blower department defense grounds for termination of employment insider trading conflict of interest Whistleblower nuclear weapons infrastructure of the united states military industrial complex government agencies established in      United States Department of Defense ,onfields.topn3.10.4.0.25.bm25,0.0054,"{'of': 2, 'depart': 2, 'blower': 2, 'whistl': 2, 'said': 2.0, 'defens': 2, 'lockhe': 1.852, 'suit': 1.778, 'paducah': 1.667, 'whistleblow': 1.667, 'martin': 1.481, 'egan': 1.296, 'extens': 1.296, 'fals': 1.222, 'bartleman': 1.148} ",,,,,,,,,
730,Gastric bypass complications ,0.4506,6,rm3.topn10.10.0.5.bm25,0.5254,surgic complic patient stomach procedur weight bypass gastric loss surgeri obes ,onfields.topn3.10.4.0.25.bm25,0.5048,"{'complic': 2, 'weight': 2.0, 'bypass': 2, 'gastric': 2, 'stomach': 1.557, 'pouch': 1.228, 'exercis': 1.177, 'surgeri': 1.177, 'selfselect': 1.165, '2vs1': 1.139, '95ci': 1.101, 'rouxeni': 1.0} ",tagmee.topn3,0.4696,gastric bypass complications Gastric bypass surgery Complication  medicine ,conceptluster.topn5.3.bm25,0.4696,gastric bypass complications gastric bypass surgery complication medicine ,docluster.topn10.3.bm25,0.4694,gastric bypass complications you weight surgeri ,termluster.topn5.3.bm25,0.4584,gastric bypass complications bypass complic obes complic gastric obes weight veri surgeri ,,,,,,,,,,,,,,,,,,,,,,,,,,,,,,,,,,,,
731,Kurds history ,0.2741,10,word2vec.topn3,0.3945,kurds history kurdish history ,glove.topn3,0.3755,kurds history kurdish sunnis historical ever ,adaponfields.topn3.exrobust04.2.25.1.10.4.0.25.bm25,0.3583,"{'histori': 2, 'kurd': 2, 'will': 1.419, 'kurdistan': 1.323, 'kurdish': 1.315, 'husayn': 1.129, 'selfrul': 1.089, 'belov': 1.073, 'mikhaylov': 1.073, 'kadyr': 1.073, 'traitor': 1.056, 'struggler': 1.04} ",conceptnet.topn3.replace,0.3399,kurds past subject school ,termluster.topn5.3.bm25,0.3392,kurds history iraq ,conceptnet.topn3,0.3277,kurds history past subject school ,stem.lovins,0.3162,kurd histor ,thesaurus.topn3.replace,0.3107,kurds  past antiquity ,bertqe.topn10.bm25,0.2902,"{'Kurds history': 1.5, ' hrefsearchdkurds  iraq  history  20thcenturydkurdsiraqhistory20thcentury5  10  bframeset  ffdkurdshistory  11   kurds history  a    strong ': 1.0, 'hrefsearchdkurds  iraq  history  20thcenturydkurdsiraqhistory20thcentury5  10  bbrowse  kurds  iraq  history': 0.0, ' hrefsearchdkurds  middleeast  juvenileliteraturedkurdsmiddleeastjuvenileliterature5  10  bframeset  ffdkurdsturkeyhistory20thcentury  11   kurds turkey history 20th': 0.0, ' hrefsearchdkurds  iraq  history  20thcenturydkurdsiraqhistory20thcentury5  10  bframeset  ffdkurdsiraqdrama  11   kurds iraq drama  a  ': 0.0, 'hrefsearchdkurds  turkey  history  20thcenturydkurdsturkeyhistory20thcentury5  10  bbrowse  kurds  turkey  history': 0.0} ",sensedisambiguation,0.2861,Kurds kurd history ,,,,,,,,,,,,,,,,,,,,,,,,
732,U S  cheese production ,0.1021,7,word2vec.topn3,0.223,u s  cheese production usa u s american cheddar producing ,glove.topn3,0.2189,u s  cheese production us u s cheddar producing produced ,glove.topn3.replace,0.1958,us u s cheddar producing produced ,word2vec.topn3.replace,0.1838,usa u s american cheddar producing ,termluster.topn5.3.bm25,0.1556,u s  cheese production year unit state year unit state ,relevancefeedback.topn10.bm25,0.1079,u s  cheese production milk cooper u  import chees ,docluster.topn10.3.bm25,0.1079,u s  cheese production cooper milk u  import chees ,,,,,,,,,,,,,,,,,,,,,,,,,,,,,,,,,
733,Airline overbooking ,0.2893,8,rm3.topn10.10.0.5.bm25,0.4499,travel overbook oig consum airlin flight bump fare passeng air ,adaponfields.topn3.exrobust04.2.25.1.10.4.0.25.bm25,0.3979,"{'airlin': 2, 'overbook': 2, 'bump': 1.405, 'noshow': 1.214, 'there': 1.167, 'compens': 1.143, 'brobeck': 1.143, 'isnt': 1.071, 'schimizu': 1.048, 'fullfar': 1.048, 'deniedboard': 1.048} ",termluster.topn5.3.bm25,0.3793,airline overbooking ticket overbook flight ticket flight airlin ,bertqe.topn10.bm25,0.3698,"{'Airline overbooking': 1.5, 'flight overbooked  airline': 1.0, 'overbooked  airline looking': 0.909090909090909, 'airlines overbook scheduled': 0.8181818181818181, 'overbooked flights  delayed damaged': 0.36363636363636365, 'regulations governing airline overbooking': 0.36363636363636365} ",tagmee.topn3,0.3465,airline overbooking Airline Overselling ,conceptluster.topn5.3.bm25,0.3277,airline overbooking overselling ,docluster.topn10.3.bm25,0.2943,airline overbooking airlin you ,relevancefeedback.topn10.bm25,0.2899,airline overbooking airlin consum you ,,,,,,,,,,,,,,,,,,,,,,,,,,,,,,
734,Recycling successes ,0.235,0,,,,,,,,,,,,,,,,,,,,,,,,,,,,,,,,,,,,,,,,,,,,,,,,,,,,,,
735,Afghan women condition ,0.2393,1,onfields.topn3.10.4.0.25.bm25,0.2897,"{'condit': 2, 'women': 2, 'afghan': 2, 'afghanistan': 1.446, 'refuge': 1.139, 'ngo': 1.117, 'taliban': 1.083, 'kabul': 1.067, 'loya': 1.053, 'jirga': 1.053, 'usafghan': 1.027, 'ministri': 1.025} ",,,,,,,,,,,,,,,,,,,,,,,,,,,,,,,,,,,,,,,,,,,,,,,,,,,
736,location BSE infections ,0.621,0,,,,,,,,,,,,,,,,,,,,,,,,,,,,,,,,,,,,,,,,,,,,,,,,,,,,,,
737,Enron California energy crisis ,0.6091,0,,,,,,,,,,,,,,,,,,,,,,,,,,,,,,,,,,,,,,,,,,,,,,,,,,,,,,
738,Anthrax hoaxes ,0.6016,0,,,,,,,,,,,,,,,,,,,,,,,,,,,,,,,,,,,,,,,,,,,,,,,,,,,,,,
739,Habitat for Humanity ,0.157,0,,,,,,,,,,,,,,,,,,,,,,,,,,,,,,,,,,,,,,,,,,,,,,,,,,,,,,
740,regulate assisted living Maryland ,0.2476,0,,,,,,,,,,,,,,,,,,,,,,,,,,,,,,,,,,,,,,,,,,,,,,,,,,,,,,
741,Artificial Intelligence ,0.0914,2,wordnet.topn3,0.099,artificial intelligence contrived unreal stilted news intelligence agency ,sensedisambiguation,0.0979,Artificial Intelligence news ,,,,,,,,,,,,,,,,,,,,,,,,,,,,,,,,,,,,,,,,,,,,,,,,
742,hedge funds fraud protection ,0.3035,6,stem.trunc5,0.4641,hedge funds fraud prote ,tagmee.topn3,0.3843,hedge funds fraud protection Hedge fund Fraud Security  finance ,conceptluster.topn5.3.bm25,0.3843,hedge funds fraud protection security finance fraud hedge fund ,tagmee.topn3.replace,0.3755,Hedge fund Fraud Security  finance ,onfields.topn3.10.4.0.25.bm25,0.3491,"{'protect': 2, 'fraud': 2, 'fund': 2, 'hedg': 2, 'invest': 1.745, 'regist': 1.306, 'investor': 1.27, 'advis': 1.182, '3c7': 1.041, 'increas': 1.036, 'exclus': 1.036, 'purchas': 1.026, 'brokerdeal': 1.019} ",docluster.topn10.3.bm25,0.3317,hedge funds fraud protection fund ,,,,,,,,,,,,,,,,,,,,,,,,,,,,,,,,,,,,
743,Freighter ship registration ,0.0147,9,conceptluster.topn5.3.bm25,0.05,freighter ship registration ship registration cargo ship ,tagmee.topn3,0.0459,freighter ship registration Cargo ship Cargo ship Ship registration ,glove.topn3,0.038,freighter ship registration ship vessel voter identification ,word2vec.topn3,0.0341,freighter ship registration cargo tanker vessel warship registering ,adaponfields.topn3.exrobust04.2.25.1.10.4.0.25.bm25,0.0197,"{'registr': 2, 'ship': 2, 'freighter': 2, 'tanker': 1.625, 'aground': 1.312, 'elatma': 1.312, 'aktuna': 1.188, 'akcali': 1.188, 'nafia': 1.188, 'miniota': 1.188, 'kavagi': 1.125, 'sharprock': 1.125, 'kozakcioglu': 1.125} ",wordnet.topn3,0.0187,freighter ship registration bottom merchantman transport embark adjustment enrollment ,anchor.topn3,0.0187,freighter ship registration d    cl   a    improv kommuna   cunnari communa ,termluster.topn5.3.bm25,0.0177,freighter ship registration ship state freighter state ,stem.lovins,0.0159,freighter ship register ,,,,,,,,,,,,,,,,,,,,,,,,,,,
744,Counterfeit ID punishments ,0.0201,2,glove.topn3,0.0923,counterfeit id punishments fake identification meted ,stem.paicehusk,0.0356,counterfeit id pun ,,,,,,,,,,,,,,,,,,,,,,,,,,,,,,,,,,,,,,,,,,,,,,,,
745,Doomsday cults ,0.3247,6,conceptnet.topn3,0.3962,doomsday cults Judgment Day doom synchromysticism ,sensedisambiguation,0.3898,Doomsday judgment day cults fad ,wordnet.topn3,0.3839,doomsday cults Judgement Day Day of Judgement craze religious cult fad ,thesaurus.topn3,0.3711,doomsday cults  Judgment Day Last Day  band church ,wiki.topn3,0.3379,doomsday cults unification church neologisms mind control messiah complex Doomsday cult ,tagmee.topn3,0.3248,doomsday cults Doomsday cult ,,,,,,,,,,,,,,,,,,,,,,,,,,,,,,,,,,,,
746,Outsource job India ,0.2773,3,anchor.topn3,0.4592,outsource job india yustino        ndugai nilgri india histori olatpur ,rm3.topn10.10.0.5.bm25,0.37,va indian job worker outsourc sector global india industri ocwen ,wiki.topn3,0.3309,outsource job india market share takeover restructuring Outsourcing psychopathy in thworkplace gold collar worker job description Job states and territories established in      india hindustani speaking countries and territories India ,,,,,,,,,,,,,,,,,,,,,,,,,,,,,,,,,,,,,,,,,,,,,
747,Library computer oversight ,0.0641,5,termluster.topn5.3.bm25,0.1018,library computer oversight year workstat staff year workstat staff also assist comput ,docluster.topn10.3.bm25,0.0791,library computer oversight cost comput ,onfields.topn3.10.4.0.25.bm25,0.0766,"{'oversight': 2, 'comput': 2, 'librari': 2, 'propos': 2.0, 'exce': 1.895, 'softwar': 1.733, 'filter': 1.619, 'unknown': 1.552, '100000': 1.467, 'divis': 1.371, 'increas': 1.371, 'respons': 1.19, '314514': 1.114, 'rvlrod005': 1.095} ",tagmee.topn3,0.0763,library computer oversight Library Computer Regulation ,rm3.topn10.10.0.5.bm25,0.0681,exce unknown librari fy comput softwar propos ornl cost fiscal child estim oversight ,,,,,,,,,,,,,,,,,,,,,,,,,,,,,,,,,,,,,,,
748,Nuclear reactor types ,0.2877,0,,,,,,,,,,,,,,,,,,,,,,,,,,,,,,,,,,,,,,,,,,,,,,,,,,,,,,
749,Puerto Rico state ,0.3428,1,rm3.topn10.10.0.5.bm25,0.4588,san state juan territori self puerto constitut rico congress mr citizenship ,,,,,,,,,,,,,,,,,,,,,,,,,,,,,,,,,,,,,,,,,,,,,,,,,,,
750,John Edwards womens issues ,0.0639,1,conceptluster.topn5.3.bm25,0.0665,john edwards womens issues issues ,,,,,,,,,,,,,,,,,,,,,,,,,,,,,,,,,,,,,,,,,,,,,,,,,,,
751,Scrabble Players ,0.3073,1,stem.paicehusk,0.3126,scrabbl play ,,,,,,,,,,,,,,,,,,,,,,,,,,,,,,,,,,,,,,,,,,,,,,,,,,,
752,Dam removal ,0.5598,0,,,,,,,,,,,,,,,,,,,,,,,,,,,,,,,,,,,,,,,,,,,,,,,,,,,,,,
753,bullying prevention programs ,0.2657,2,rm3.topn10.10.0.5.bm25,0.3894,school student parent program victim behavior children violenc bulli prevent teacher ,onfields.topn3.10.4.0.25.bm25,0.3834,"{'program': 2, 'prevent': 2, 'school': 2.0, 'bulli': 2, 'student': 1.457, 'behavior': 1.284, 'teacher': 1.226, 'violenc': 1.226, 'victim': 1.216, 'olweu': 1.113, 'nrcss': 1.036, 'antibulli': 1.0} ",,,,,,,,,,,,,,,,,,,,,,,,,,,,,,,,,,,,,,,,,,,,,,,,
754,domestic adoption laws ,0.0637,2,docluster.topn10.3.bm25,0.1003,domestic adoption laws law adopt ,onfields.topn3.10.4.0.25.bm25,0.0869,"{'law': 2, 'domest': 2, 'adopt': 2, 'child': 1.81, 'convers': 1.3, 'famili': 1.203, 'provis': 1.174, 'dpc': 1.152, 'esign': 1.097, 'sec99': 1.052, 'pl1782002': 1.052, 'entiti': 1.0} ",,,,,,,,,,,,,,,,,,,,,,,,,,,,,,,,,,,,,,,,,,,,,,,,
755,Scottish Highland Games ,0.4699,4,termluster.topn5.3.bm25,0.6187,scottish highland games game highland competit game scottish competit scottish highland competit ,tagmee.topn3,0.4923,scottish highland games Scottish people Highland games Highland games ,conceptluster.topn5.3.bm25,0.4741,scottish highland games scottish people highland games ,tagmee.topn3.replace,0.4736,Scottish people Highland games Highland games ,,,,,,,,,,,,,,,,,,,,,,,,,,,,,,,,,,,,,,,,,,
756,Volcanic Activity ,0.3308,0,,,,,,,,,,,,,,,,,,,,,,,,,,,,,,,,,,,,,,,,,,,,,,,,,,,,,,
757,Murals ,0.2111,1,docluster.topn10.3.bm25,0.2278,murals mural your ,,,,,,,,,,,,,,,,,,,,,,,,,,,,,,,,,,,,,,,,,,,,,,,,,,,
758,Embryonic stem cells ,0.6814,2,relevancefeedback.topn10.bm25,0.6884,embryonic stem cells cell ,docluster.topn10.3.bm25,0.6884,embryonic stem cells cell ,,,,,,,,,,,,,,,,,,,,,,,,,,,,,,,,,,,,,,,,,,,,,,,,
759,civil war battle reenactments ,0.314,0,,,,,,,,,,,,,,,,,,,,,,,,,,,,,,,,,,,,,,,,,,,,,,,,,,,,,,
760,american muslim mosques schools ,0.2298,11,termluster.topn5.3.bm25,0.3804,american muslim mosques schools also muslim center also american center unit peopl part york washington state ,word2vec.topn3,0.3691,american muslim mosques schools british america islamic moslem masjids colleges universities ,stem.krovetz,0.3093,america muslim mosque school ,wiki.topn3.replace,0.3082,american people immigration to the united states ethnigroups in the united states Americans muslim american society thmosqucares islam in washington  d c  Islam in the United States quraniwords and phrases muslims islam Muslim mosques mosque architecture islamiculture Mosque athari hanbali muwatta imam malik Madhhab ,conceptnet.topn3,0.3076,american muslim mosques schools dollar ijma places to learn things an eraser classrooms ,wiki.topn3,0.3051,american muslim mosques schools american people immigration to the united states ethnigroups in the united states Americans muslim american society thmosqucares islam in washington  d c  Islam in the United States quraniwords and phrases muslims islam Muslim mosques mosque architecture islamiculture Mosque athari hanbali muwatta imam malik Madhhab ,tagmee.topn3,0.2849,american muslim mosques schools Americans Islam in the United States Muslim Mosque Madhhab ,conceptluster.topn5.3.bm25,0.2849,american muslim mosques schools muslim islam united states madhhab americans mosque ,wordnet.topn3,0.2827,american muslim mosques schools American English American language Islamic Moslem schooltime school day train ,tagmee.topn3.replace,0.2824,Americans Islam in the United States Muslim Mosque Madhhab ,rm3.topn10.10.0.5.bm25,0.2556,school america saudi wahhabi american mosqu muslim islam my religion he ,,,,,,,,,,,,,,,,,,,,,
761,Problems of Hmong Immigrants ,0.5638,0,,,,,,,,,,,,,,,,,,,,,,,,,,,,,,,,,,,,,,,,,,,,,,,,,,,,,,
762,History of Physicians in America ,0.025,0,,,,,,,,,,,,,,,,,,,,,,,,,,,,,,,,,,,,,,,,,,,,,,,,,,,,,,
763,Hunting deaths ,0.1228,2,glove.topn3,0.3576,hunting deaths hunters fatalities ,glove.topn3.replace,0.1683,hunters fatalities ,,,,,,,,,,,,,,,,,,,,,,,,,,,,,,,,,,,,,,,,,,,,,,,,
764,Increase mass transit use ,0.1246,0,,,,,,,,,,,,,,,,,,,,,,,,,,,,,,,,,,,,,,,,,,,,,,,,,,,,,,
765,ephedra ma huang deaths ,0.4654,9,thesaurus.topn3,0.5031,ephedra huang deaths    afterlife annihilation ,termluster.topn5.3.bm25,0.4989,ephedra huang deaths advers case contain advers case contain supplement public product ,relevancefeedback.topn10.bm25,0.4974,ephedra ma huang deaths ephedrin drug heart product supplement ,glove.topn3,0.4971,ephedra huang deaths ephedrine supplements cheng yu fatalities ,rm3.topn10.10.0.5.bm25,0.4957,huang ma herbal ephedrin drug ephedra death supplement heart dietari advers caffein fda ,tagmee.topn3,0.4859,ephedra huang deaths Ephedra sinica Death ,conceptluster.topn5.3.bm25,0.4859,ephedra huang deaths death ephedra sinica ,docluster.topn10.3.bm25,0.4732,ephedra ma huang deaths ephedrin supplement ,sensedisambiguation,0.4695,ephedra ma huang deaths end ,,,,,,,,,,,,,,,,,,,,,,,,,,,
766,diamond smuggling ,0.4403,9,bertqe.topn10.bm25,0.6129,"{'diamond smuggling': 1.5, 'smuggling diamonds nearly': 1.0, 'physical smuggling diamonds': 0.923076923076923, 'diamond smuggling  b   b  b worthwhile': 0.7692307692307692, 'illicit trade  b   p   p  diamond smuggling': 0.6153846153846153, 'diamonds smuggled sierra leone': 0.4615384615384615} ",rm3.topn10.10.0.5.bm25,0.5816,sierra mine diamond war conflict leon smuggl market origin countri trade ,onfields.topn3.10.4.0.25.bm25,0.5506,"{'smuggl': 2, 'diamond': 2, 'leon': 1.601, 'sierra': 1.601, 'war': 1.319, 'digger': 1.304, 'stone': 1.276, 'legitim': 1.276, 'buyer': 1.248, 'leonean': 1.12, 'cmrrd': 1.064} ",tagmee.topn3,0.5393,diamond smuggling Diamond Blood diamond Smuggling ,conceptluster.topn5.3.bm25,0.5393,diamond smuggling diamond smuggling blood diamond ,wiki.topn3,0.5044,diamond smuggling impact event minerals abrasives semiconductor materials Diamond politics of liberia people extradited from liberia people extradited from sierra leone Blood diamond contraband customs sabotage Smuggling ,termluster.topn5.3.bm25,0.5015,diamond smuggling action address africa year world work ,tagmee.topn3.replace,0.501,Diamond Blood diamond Smuggling ,adaponfields.topn3.exrobust04.2.25.1.10.4.0.25.bm25,0.4511,"{'smuggl': 2, 'diamond': 2, 'beer': 1.452, 'rough': 1.357, 'angola': 1.286, 'yakutia': 1.143, 'ralf': 1.095, 'angolan': 1.071, 'gloom': 1.071, '920908': 1.048, 'endiama': 1.048} ",,,,,,,,,,,,,,,,,,,,,,,,,,,
767,Pharmacist License requirements ,0.4662,1,sensedisambiguation,0.4671,Pharmacist License requirements requirement ,,,,,,,,,,,,,,,,,,,,,,,,,,,,,,,,,,,,,,,,,,,,,,,,,,,
768,Women in state legislatures ,0.1086,4,onfields.topn3.10.4.0.25.bm25,0.224,"{'state': 2, 'in': 2, 'legislatur': 2, 'women': 2, 'elect': 1.627, 'minnesota': 1.523, 'dfl': 1.278, 'hous': 1.186, 'repres': 1.144, 'seat': 1.131, 'woman': 1.108, '6512968590': 1.026, '18006573949': 1.026} ",termluster.topn5.3.bm25,0.1964,women state legislatures legislatur senat state legislatur senat women women state senat ,bertqe.topn10.bm25,0.1583,"{'Women in state legislatures': 1.5, 'women state legislatures  h2   center ': 1.0, 'women minnesota legislature': 0.5714285714285714, 'minnesota legislature women': 0.5, 'legislature women minnesota': 0.4285714285714285, 'rico  state legislatures women': 0.21428571428571425} ",rm3.topn10.10.0.5.bm25,0.1373,state legislatur minnesota diseas york heart legisl elect senat women serv ,,,,,,,,,,,,,,,,,,,,,,,,,,,,,,,,,,,,,,,,,,
769,Kroll Associates Employees ,0.0074,6,conceptnet.topn3.replace,0.0322,kroll associates a company the office company ,wiki.topn3,0.0145,kroll associates employees general atlantic wilson sonsini goodrich   rosati      in asia Kroll Inc ,conceptnet.topn3,0.0133,kroll associates employees a company the office company ,onfields.topn3.10.4.0.25.bm25,0.0085,"{'employe': 2, 'associ': 2, 'mr': 2.0, 'kroll': 2, 'dr': 1.567, 'christensen': 1.346, 'hutchinson': 1.278, 'nurs': 1.198, 'volkmer': 1.175, 'dont': 1.126, 'merriman': 1.115, 'garthwait': 1.08, 'coverup': 1.074} ",tagmee.topn3,0.0076,kroll associates employees Kroll Inc ,conceptluster.topn5.3.bm25,0.0076,kroll associates employees kroll inc ,,,,,,,,,,,,,,,,,,,,,,,,,,,,,,,,,,,,
770,Kyrgyzstan United States relations ,0.4702,0,,,,,,,,,,,,,,,,,,,,,,,,,,,,,,,,,,,,,,,,,,,,,,,,,,,,,,
771,deformed leopard frogs ,0.5366,4,termluster.topn5.3.bm25,0.7121,deformed leopard frogs northern limb leopard deform frog northern northern limb leopard ,onfields.topn3.10.4.0.25.bm25,0.6759,"{'leopard': 2, 'deform': 2, 'frog': 2, 'abnorm': 1.369, 'minnesota': 1.262, 'malform': 1.262, 'amphibian': 1.243, 'vermont': 1.223, 'northern': 1.194, 'champlain': 1.126, 'caus': 1.117} ",relevancefeedback.topn10.bm25,0.6294,deformed leopard frogs frog hind deform rana limb ,rm3.topn10.10.0.5.bm25,0.6114,limb frog deform miss northern minnesota leopard amphibian rana hind ,,,,,,,,,,,,,,,,,,,,,,,,,,,,,,,,,,,,,,,,,,
772,flag display rules ,0.2818,7,rm3.topn10.10.0.5.bm25,0.4715,school flown staff rule never displai place properti half flag ,bertqe.topn10.bm25,0.4594,"{'flag display rules': 1.5, 'person shall display flag': 1.0, 'display  flag displayed': 0.8888888888888887, 'display  flag': 0.8888888888888887, 'flag may displayed': 0.5555555555555554, 'flag code display': 0.11111111111111083} ",onfields.topn3.10.4.0.25.bm25,0.4544,"{'rule': 2, 'display': 2, 'flag': 2, 'unit': 1.224, 'halfstaff': 1.08, 'usc': 1.078, 'flown': 1.075, 'provis': 1.046, 'pledg': 1.044, 'allegi': 1.035, 'hoist': 1.033, 'advertis': 1.02} ",termluster.topn5.3.bm25,0.3305,flag display rules abov ani anoth unit union uniform ,word2vec.topn3,0.327,flag display rules flag  regulations laws ,relevancefeedback.topn10.bm25,0.3073,flag display rules displai ,word2vec.topn3.replace,0.2973,flag  display regulations laws ,,,,,,,,,,,,,,,,,,,,,,,,,,,,,,,,,
773,Pennsylvania slot machine gambling ,0.5595,11,rm3.topn10.10.0.5.bm25,0.9457,machin premis citat slot licens pennsylvania liquor license video gambl ,anchor.topn3,0.8337,pennsylvania slot machine gambling pennsybania pennsylvania histori pennsylvania fourth nordskov jensk fowler typ ,termluster.topn5.3.bm25,0.8159,pennsylvania slot machine gambling ani case citat bureau charg control three state slot within violat video ,onfields.topn3.10.4.0.25.bm25,0.8079,"{'pennsylvania': 2, 'nt': 2.0, 'slot': 2, 'gambl': 2, 'machin': 2, 'licens': 1.39, 'liquor': 1.128, 'premis': 1.1, 'kratsa': 1.088, 'ebner': 1.044, 'a2d': 1.042, 'forlin': 1.026} ",sensedisambiguation,0.7482,Pennsylvania university of pennsylvania slot machine gambling gamble ,docluster.topn10.3.bm25,0.6448,pennsylvania slot machine gambling machin license ,anchor.topn3.replace,0.6416,pennsybania pennsylvania histori pennsylvania fourth nordskov jensk fowler typ machine gambling ,bertqe.topn10.bm25,0.6383,"{'Pennsylvania slot machine gambling': 1.5, 'poker machines  b   u   517 pa 367 ': 1.0, 'machines  i   b   465 a2d 973  pa ': 0.3485603543743078, 'slot machines   nt  78  33 ': 0.21013289036544847, 'available pennsylvania': 0.14285714285714285, 'money slot betting various': 0.058416389811738606} ",relevancefeedback.topn10.bm25,0.5885,pennsylvania slot machine gambling court machin licens license ,conceptnet.topn3,0.5703,pennsylvania slot machine gambling PA an apple tree slot machine ,conceptnet.topn3.replace,0.565,PA an apple tree slot machine machine gambling ,,,,,,,,,,,,,,,,,,,,,
774,Causes of Homelessness ,0.3057,2,tagmee.topn3,0.3413,causes homelessness Paralysis Homelessness ,termluster.topn5.3.bm25,0.3145,causes homelessness would well transit situat shelter servic ,,,,,,,,,,,,,,,,,,,,,,,,,,,,,,,,,,,,,,,,,,,,,,,,
775,Commercial candy makers ,0.4179,3,bertqe.topn10.bm25,0.4921,"{'Commercial candy makers': 1.5, 'candy maker indiana': 1.0, 'candy maker crackers escort crackers': 1.0, 'chef seeitspin cotton candy maker': 0.8441558441558442, 'chocolate  see candy makers': 0.8051948051948051, 'many candy makers boast': 0.7012987012987012} ",tagmee.topn3,0.4611,commercial candy makers Candy ,conceptluster.topn5.3.bm25,0.4611,commercial candy makers candy ,,,,,,,,,,,,,,,,,,,,,,,,,,,,,,,,,,,,,,,,,,,,,
776,Magnet schools success ,0.3178,3,relevancefeedback.topn10.bm25,0.3672,magnet schools success school   student ,sensedisambiguation,0.3348,Magnet schools school success ,docluster.topn10.3.bm25,0.3348,magnet schools success school ,,,,,,,,,,,,,,,,,,,,,,,,,,,,,,,,,,,,,,,,,,,,,
777,hybrid alternative fuel cars ,0.3462,0,,,,,,,,,,,,,,,,,,,,,,,,,,,,,,,,,,,,,,,,,,,,,,,,,,,,,,
778,golden ratio ,0.1284,0,,,,,,,,,,,,,,,,,,,,,,,,,,,,,,,,,,,,,,,,,,,,,,,,,,,,,,
779,Javelinas range and description ,0.5286,0,,,,,,,,,,,,,,,,,,,,,,,,,,,,,,,,,,,,,,,,,,,,,,,,,,,,,,
780,Arable land ,0.4222,0,,,,,,,,,,,,,,,,,,,,,,,,,,,,,,,,,,,,,,,,,,,,,,,,,,,,,,
781,Squirrel control and protections ,0.4122,0,,,,,,,,,,,,,,,,,,,,,,,,,,,,,,,,,,,,,,,,,,,,,,,,,,,,,,
782,Orange varieties seasons ,0.7065,3,relevancefeedback.topn10.bm25,0.7672,orange varieties seasons crop orang box fruit grapefruit ,rm3.topn10.10.0.5.bm25,0.7378,varieti box fruit million forecast market orang season grapefruit florida percent ,docluster.topn10.3.bm25,0.733,orange varieties seasons fruit box grapefruit ,,,,,,,,,,,,,,,,,,,,,,,,,,,,,,,,,,,,,,,,,,,,,
783,school mercury poisoning ,0.0702,8,glove.topn3,0.1675,school mercury poisoning students piyanart srivalo contamination ,relevancefeedback.topn10.bm25,0.1208,school mercury poisoning new children mercuri household minnesota ,tagmee.topn3.replace,0.102,Shoaling and schooling Mercury poisoning ,docluster.topn10.3.bm25,0.1007,school mercury poisoning children new mercuri ,termluster.topn5.3.bm25,0.0926,school mercury poisoning center children environment school poison new school new mercuri ,tagmee.topn3,0.0786,school mercury poisoning Shoaling and schooling Mercury poisoning ,conceptluster.topn5.3.bm25,0.0786,school mercury poisoning shoaling schooling mercury poisoning ,wordnet.topn3,0.0705,school mercury poisoning schooltime school day train atomic number    envenom toxic condition ,,,,,,,,,,,,,,,,,,,,,,,,,,,,,,
784,mersenne primes ,0.4458,3,docluster.topn10.3.bm25,0.4866,mersenne primes prime number gener ,termluster.topn5.3.bm25,0.4583,mersenne primes prime number number mersenn ,sensedisambiguation,0.4563,mersenne primes prime ,,,,,,,,,,,,,,,,,,,,,,,,,,,,,,,,,,,,,,,,,,,,,
785,Ivory billed woodpecker ,0.3274,1,termluster.topn5.3.bm25,0.3881,ivory billed woodpecker speci ivori extinct ,,,,,,,,,,,,,,,,,,,,,,,,,,,,,,,,,,,,,,,,,,,,,,,,,,,
786,Yew trees ,0.4179,1,sensedisambiguation,0.4508,Yew trees tree ,,,,,,,,,,,,,,,,,,,,,,,,,,,,,,,,,,,,,,,,,,,,,,,,,,,
787,Sunflower Cultivation ,0.6141,2,docluster.topn10.3.bm25,0.6306,sunflower cultivation sunflow ,relevancefeedback.topn10.bm25,0.6249,sunflower cultivation sunflow energi ,,,,,,,,,,,,,,,,,,,,,,,,,,,,,,,,,,,,,,,,,,,,,,,,
788,Reverse mortgages ,0.5735,0,,,,,,,,,,,,,,,,,,,,,,,,,,,,,,,,,,,,,,,,,,,,,,,,,,,,,,
789,abandoned mine reclamation ,0.2294,1,termluster.topn5.3.bm25,0.2578,abandoned mine reclamation western site reclam abandon coal pennsylvania western site reclaim ,,,,,,,,,,,,,,,,,,,,,,,,,,,,,,,,,,,,,,,,,,,,,,,,,,,
790,women s rights in Saudi Arabia ,0.4895,3,bertqe.topn10.bm25,0.5963,"{'womens rights in Saudi Arabia': 1.5, 'saudi arabia  womens ': 1.0, 'women saudi arabia': 1.0, ' women saudi arabia  traditional': 0.6666666666666666, 'saudi law  women': 0.5555555555555555, 'saudi arabian women ': 0.5555555555555555} ",docluster.topn10.3.bm25,0.4923,women s rights in saudi arabia govern ,conceptluster.topn5.3.bm25,0.4896,women  s rights saudi arabia women  s rights saudi arabia ,,,,,,,,,,,,,,,,,,,,,,,,,,,,,,,,,,,,,,,,,,,,,
791,Gullah geechee language culture ,0.4695,11,wiki.topn3,0.5639,gullah geechee language culture gullah language igbo landing africanisms Gullah gullah language igbo landing africanisms Gullah languages of the african diaspora liberian english merico language Gullah language sociology of culture society counterculture Culture ,wiki.topn3.replace,0.5435,gullah language igbo landing africanisms Gullah gullah language igbo landing africanisms Gullah languages of the african diaspora liberian english merico language Gullah language sociology of culture society counterculture Culture ,stem.porter,0.5268,gullah geeche languag cultur ,stem.porter2,0.5268,gullah geeche languag cultur ,termluster.topn5.3.bm25,0.5231,gullah geechee language culture geeche nation countri site nation gullah ,tagmee.topn3.replace,0.5141,Gullah Gullah Gullah language Culture ,anchor.topn3,0.5125,gullah geechee language culture gullah  island binyah ambelau ,anchor.topn3.replace,0.5082,gullah  island binyah ambelau geechee language culture ,conceptluster.topn5.3.bm25,0.5022,gullah geechee language culture gullah language culture ,tagmee.topn3,0.4944,gullah geechee language culture Gullah Gullah Gullah language Culture ,word2vec.topn3,0.4702,gullah geechee language culture langauge traditions ,,,,,,,,,,,,,,,,,,,,,
792,Social Security means test ,0.1308,0,,,,,,,,,,,,,,,,,,,,,,,,,,,,,,,,,,,,,,,,,,,,,,,,,,,,,,
793,Bagpipe Bands ,0.3595,2,tagmee.topn3,0.3665,bagpipe bands Bagpipes Military band ,conceptluster.topn5.3.bm25,0.3665,bagpipe bands military band bagpipes ,,,,,,,,,,,,,,,,,,,,,,,,,,,,,,,,,,,,,,,,,,,,,,,,
794,pet therapy ,0.0888,5,conceptnet.topn3,0.2205,pet therapy dog a dog ,tagmee.topn3,0.219,pet therapy Animal assisted therapy ,conceptluster.topn5.3.bm25,0.219,pet therapy animal assisted therapy ,glove.topn3,0.1024,pet therapy dog treatments ,tagmee.topn3.replace,0.0897,Animal assisted therapy ,,,,,,,,,,,,,,,,,,,,,,,,,,,,,,,,,,,,,,,
795,notable cocker spaniels ,0.0254,18,wiki.topn3.replace,0.1508,labradoodle pointer  dog breed  show dog Cocker Spaniel foxhound basset fauvdbretagne welsh springer spaniel Spaniel ,wiki.topn3,0.1343,notable cocker spaniels labradoodle pointer  dog breed  show dog Cocker Spaniel foxhound basset fauvdbretagne welsh springer spaniel Spaniel ,relevancefeedback.topn10.bm25,0.1065,notable cocker spaniels terrier p dog ,adaponfields.topn3.exrobust04.2.25.1.10.4.0.25.bm25,0.0958,"{'notabl': 2, 'cocker': 2, 'spaniel': 2, 'stride': 2.0, 'dog': 1.769, 'fred': 1.731, 'dope': 1.269, 'doesnt': 1.192, 'priddl': 1.077, 'newswatch': 1.077, 'drugsnif': 1.077, 'kjorlien': 1.077} ",termluster.topn5.3.bm25,0.0953,notable cocker spaniels english spaniel author titl number english ,docluster.topn10.3.bm25,0.0816,notable cocker spaniels terrier ,rm3.topn10.10.0.5.bm25,0.0771,isbn frank notabl terrier cd owner wise cocker english spaniel dog ,conceptnet.topn3.replace,0.0487,noteworthy far famed luminary cocker spaniel pamper old cocker spaniels ,word2vec.topn3,0.0447,notable cocker spaniels noteworthy noteable note worthy spaniel spaniels ,stem.paicehusk,0.0353,not cock spaniel ,tagmee.topn3.replace,0.0329,Cocker Spaniel Spaniel ,sensedisambiguation.replace,0.0328,noteworthy cocker spaniel spaniel ,word2vec.topn3.replace,0.0322,noteworthy noteable note worthy spaniel spaniels spaniels ,tagmee.topn3,0.0309,notable cocker spaniels Cocker Spaniel Spaniel ,sensedisambiguation,0.0309,notable noteworthy cocker cocker spaniel spaniels spaniel ,conceptluster.topn5.3.bm25,0.0309,notable cocker spaniels spaniel cocker spaniel ,stem.krovetz,0.0264,notable cock spaniel ,stem.lovins,0.0257,not cocker spaniel 
796,Blue Grass Music Festival history ,0.2559,5,tagmee.topn3,0.5186,blue grass music festival history Bluegrass music ,conceptluster.topn5.3.bm25,0.5186,blue grass music festival history bluegrass music ,wiki.topn3,0.4474,blue grass music festival history old time music bluegrass music americana  music  Bluegrass music ,wiki.topn3.replace,0.2946,old time music bluegrass music americana  music  Bluegrass music ,tagmee.topn3.replace,0.2674,Bluegrass music ,,,,,,,,,,,,,,,,,,,,,,,,,,,,,,,,,,,,,,,
797,reintroduction of gray wolves ,0.5207,5,rm3.topn10.10.0.5.bm25,0.5698,wolf wolv reintroduct mexico recoveri grai red mexican popul anim ,relevancefeedback.topn10.bm25,0.5277,reintroduction of gray wolves wolf wolv ,docluster.topn10.3.bm25,0.5277,reintroduction of gray wolves wolf wolv ,tagmee.topn3,0.5247,reintroduction gray wolves Species reintroduction Gray wolf ,conceptluster.topn5.3.bm25,0.5247,reintroduction gray wolves species reintroduction gray wolf ,,,,,,,,,,,,,,,,,,,,,,,,,,,,,,,,,,,,,,,
798,Massachusetts textile mills ,0.1673,5,relevancefeedback.topn10.bm25,0.4216,massachusetts textile mills      mill lowel us employ theater ,docluster.topn10.3.bm25,0.4085,massachusetts textile mills lowel employ ,onfields.topn3.10.4.0.25.bm25,0.378,"{'massachusett': 2, 'textil': 2, 'mill': 2, 'lowel': 1.835, 'cotton': 1.304, 'statenew': 1.177, 'england': 1.165, 'york19101920': 1.152, 'workersnorth': 1.127, 'dc19101920': 1.101, '19361940': 1.076, '1933present': 1.076} ",rm3.topn10.10.0.5.bm25,0.3065,park      massachusett histori textil mill lowel industri carolina ,bertqe.topn10.bm25,0.1993,"{'Massachusetts textile mills': 1.5, 'textile mills lowell massachusetts ': 1.0, 'workers  massachusetts  lowell  19101920  a   br   href  cgibinquerys  ppils   filreq   field  subj  band  textilemillworkers  massachusetts  newbedford  19101920     field  collidnclc     textile mill workers  massachusetts  new': 1.0, 'textile mills lowell ': 0.875, 'mill workers  maine  lewiston  19001910  a   br   href  cgibinquerys  ppils   filreq   field  subj  band  textilemillworkers  massachusetts  lowell  19101920     field  collidnclc     textile mill': 0.875, 'room  a    br   href  http  memorylocgovcgibinqueryr  ammemhh   field  docid  lit  ma1443     massachusetts mills  cloth': 0.875} ",,,,,,,,,,,,,,,,,,,,,,,,,,,,,,,,,,,,,,,
799,Animals in Alzheimer s research ,0.2691,2,rm3.topn10.10.0.5.bm25,0.3698,cell genet laboratori diseas function alzheim brain ag ad bear research anim ,termluster.topn5.3.bm25,0.3419,animals alzheimer  s research year well studi year well studi activ affect also ,,,,,,,,,,,,,,,,,,,,,,,,,,,,,,,,,,,,,,,,,,,,,,,,
800,Ovarian Cancer Treatment ,0.2232,1,bertqe.topn10.bm25,0.2378,"{'Ovarian Cancer Treatment': 1.5, 'treatment ovarian cancer': 0.9887892376681615, 'ovarian cancer may consider surgery': 1.0, 'surgery ovarian cancer may': 0.9982062780269059, 'drugs used treat ovarian': 0.3085201793721974, 'common treatment ovarian': 0.29618834080717493} ",,,,,,,,,,,,,,,,,,,,,,,,,,,,,,,,,,,,,,,,,,,,,,,,,,,
801,Kudzu Pueraria lobata ,0.4259,9,tagmee.topn3,0.5714,kudzu pueraria lobata Kudzu Kudzu ,tagmee.topn3.replace,0.5537,Kudzu Kudzu ,bertqe.topn10.bm25,0.5537,"{'Kudzu Pueraria lobata': 1.5, 'kudzu  pueraria lobata  willd   ohwi  ': 1.0, 'kudzu plant  pueraria lobata  leguminosae  ': 0.0, 'kudzu  pueraria lobata  willd   ohwi ': 0.0, 'kudzu  pueraria lobata ohwi  stands ': 0.0, 'kudzu  pueraria lobata    td   tr   tr ': 0.0} ",termluster.topn5.3.bm25,0.5095,kudzu pueraria lobata forest lobata plant forest kudzu lobata forest kudzu plant ,rm3.topn10.10.0.5.bm25,0.4716,na pueraria lobata weed abstract herbicid journal kudzu plant root ,wiki.topn3,0.4694,kudzu pueraria lobata pueraria strongyloides stercoralis edamame Kudzu pueraria strongyloides stercoralis edamame Kudzu ,onfields.topn3.10.4.0.25.bm25,0.4544,"{'na': 2.0, 'lobata': 2, 'pueraria': 2, 'kudzu': 2, 'sourc': 1.642, 'abstract': 1.303, 'journal': 1.289, 'stem': 1.222, 'daidzin': 1.06, 'invas': 1.053, 'ohwi': 1.051} ",conceptnet.topn3,0.4362,kudzu pueraria lobata vine rosid dicot genus animal order ,relevancefeedback.topn10.bm25,0.4342,kudzu pueraria lobata sourc bill ,,,,,,,,,,,,,,,,,,,,,,,,,,,
802,Volcano eruptions global temperature ,0.3804,3,conceptluster.topn5.3.bm25,0.4902,volcano eruptions global temperature climate temperature ,termluster.topn5.3.bm25,0.4876,volcano eruptions global temperature climat erupt global year volcano volcan climat erupt sulfur reach larg cool ,anchor.topn3,0.4688,volcano eruptions global temperature  kudryavyi  ndiayen  idmaax  global eliahu  learjet  kiwin ,,,,,,,,,,,,,,,,,,,,,,,,,,,,,,,,,,,,,,,,,,,,,
803,May Day ,0.0,3,wiki.topn3,0.0122,may day publiholidays in the republiof ireland international workers  day parade May Day ,wiki.topn3.replace,0.0092,publiholidays in the republiof ireland international workers  day parade May Day ,docluster.topn10.3.bm25,0.0004,may day dai old version ,,,,,,,,,,,,,,,,,,,,,,,,,,,,,,,,,,,,,,,,,,,,,
804,ban on human cloning ,0.5224,7,sensedisambiguation,0.6368,ban prohibition on human cloning ,wordnet.topn3,0.5579,ban human cloning prohibition man homo ,sensedisambiguation.replace,0.5425,prohibition on human cloning ,tagmee.topn3,0.5278,ban human cloning Ban  law  Human cloning ,conceptluster.topn5.3.bm25,0.5278,ban human cloning human cloning ban law ,relevancefeedback.topn10.bm25,0.524,ban on human cloning clone ,docluster.topn10.3.bm25,0.524,ban on human cloning clone ,,,,,,,,,,,,,,,,,,,,,,,,,,,,,,,,,
805,Identity Theft Passport ,0.0764,5,stem.paicehusk,0.154,id theft passport ,word2vec.topn3,0.1134,identity theft passport indentity thievery larceny ,termluster.topn5.3.bm25,0.1125,identity theft passport victim theft secur attornei gener ident attornei gener ident ,sensedisambiguation,0.0838,Identity Theft larceny Passport recommendation ,conceptnet.topn3,0.0813,identity theft passport name oneness operator a crime robbery thieve pass ,,,,,,,,,,,,,,,,,,,,,,,,,,,,,,,,,,,,,,,
806,Doctors Without Borders ,0.1037,2,relevancefeedback.topn10.bm25,0.1353,doctors without borders hilton new doctor humanitarian drug polici africa td he ,onfields.topn3.10.4.0.25.bm25,0.1293,"{'without': 2, 'border': 2, 'doctor': 2, 'mayor': 1.594, 'hilton': 1.469, 'humanitarian': 1.406, 'releas': 1.406, 'conrad': 1.281, 'giuliani': 1.219, 'lucio': 1.156, '45598': 1.062, '48899doctor': 1.031} ",,,,,,,,,,,,,,,,,,,,,,,,,,,,,,,,,,,,,,,,,,,,,,,,
807,Sugar tariff rate quotas ,0.5928,8,termluster.topn5.3.bm25,0.7151,sugar tariff rate quotas alloc cane contain trq tariff sugar ,rm3.topn10.10.0.5.bm25,0.7143,refin alloc tariff ton import raw sugar quota price rate ,wordnet.topn3,0.6688,sugar tariff rate quotas saccharify refined sugar kale ,tagmee.topn3,0.6396,sugar tariff rate quotas Sugar Import quota ,wordnet.topn3.replace,0.6306,refined sugar dough gelt tariff rate quotas ,tagmee.topn3.replace,0.6191,Sugar Import quota ,stem.trunc5,0.6161,sugar tarif   rate quota ,thesaurus.topn3,0.6046,sugar tariff rate quotas  carbohydrate candy   allocation allotment ,,,,,,,,,,,,,,,,,,,,,,,,,,,,,,
808,North Korean Counterfeiting ,0.6233,0,,,,,,,,,,,,,,,,,,,,,,,,,,,,,,,,,,,,,,,,,,,,,,,,,,,,,,
809,wetlands wastewater treatment ,0.3129,2,docluster.topn10.3.bm25,0.3393,wetlands wastewater treatment wetland ,relevancefeedback.topn10.bm25,0.326,wetlands wastewater treatment wetland wastewat ,,,,,,,,,,,,,,,,,,,,,,,,,,,,,,,,,,,,,,,,,,,,,,,,
810,timeshare resales ,0.3235,6,relevancefeedback.topn10.bm25,0.5662,timeshare resales illinoi timeshar applic consum you ftc defend ,rm3.topn10.10.0.5.bm25,0.5192,purchas sell defend estat consum owner sale resal offer timeshar real ,docluster.topn10.3.bm25,0.4913,timeshare resales timeshar applic you consum ,adaponfields.topn3.exrobust04.2.25.1.10.4.0.25.bm25,0.4219,"{'resal': 2, 'timeshar': 2, 'buyer': 1.26, 'purchas': 1.117, 'abus': 1.078, 'haylock': 1.052, 'tenerif': 1.039, 'crossbord': 1.039, 'coolingoff': 1.039, 'primeshar': 1.039, 'surpris': 1.026, 'topfloor': 1.026} ",glove.topn3,0.4096,timeshare resales js   ooooooooooooooooooooooooooooooooooooooo realtors runs thome ,termluster.topn5.3.bm25,0.3654,timeshare resales state resal offer timeshar state offer ,,,,,,,,,,,,,,,,,,,,,,,,,,,,,,,,,,,,
811,handwriting recognition ,0.2378,2,relevancefeedback.topn10.bm25,0.2934,handwriting recognition signal handwrit inform project charact tablet ,termluster.topn5.3.bm25,0.2625,handwriting recognition system recognit recogn system recogn handwrit ,,,,,,,,,,,,,,,,,,,,,,,,,,,,,,,,,,,,,,,,,,,,,,,,
812,total knee replacement surgery ,0.5915,1,conceptluster.topn5.3.bm25,0.5933,total knee replacement surgery knee replacement ,,,,,,,,,,,,,,,,,,,,,,,,,,,,,,,,,,,,,,,,,,,,,,,,,,,
813,Atlantic Intracoastal Waterway ,0.298,1,onfields.topn3.10.4.0.25.bm25,0.3069,"{'atlant': 2, 'florida': 2.0, 'intracoast': 2, 'waterway': 2, 'river': 1.908, 'navig': 1.387, 'barg': 1.345, 'inland': 1.227, 'dredg': 1.202, 'okeechobe': 1.151, 'coastwis': 1.101} ",,,,,,,,,,,,,,,,,,,,,,,,,,,,,,,,,,,,,,,,,,,,,,,,,,,
814,Johnstown flood ,0.6509,1,wiki.topn3,0.6897,johnstown flood      meteorology      in pennsylvania south fork dam Johnstown Flood ,,,,,,,,,,,,,,,,,,,,,,,,,,,,,,,,,,,,,,,,,,,,,,,,,,,
815,Coast Guard rescues ,0.2255,2,onfields.topn3.10.4.0.25.bm25,0.2543,"{'rescu': 2, 'coast': 2, 'guard': 2, 'distress': 1.252, 'respons': 1.197, 'fontfamilytim': 1.129, 'margin0in': 1.082, 'msopaginationwidoworphan': 1.082, 'marginbottom0001pt': 1.082, 'msobidifontsize100pt': 1.061, 'fontsize120pt': 1.054} ",relevancefeedback.topn10.bm25,0.2356,coast guard rescues search rescu boat noaa ,,,,,,,,,,,,,,,,,,,,,,,,,,,,,,,,,,,,,,,,,,,,,,,,
816,USAID assistance to Galapagos ,0.8266,0,,,,,,,,,,,,,,,,,,,,,,,,,,,,,,,,,,,,,,,,,,,,,,,,,,,,,,
817,sports stadium naming rights ,0.3758,4,tagmee.topn3,0.4428,sports stadium naming rights Stadium Naming rights ,conceptluster.topn5.3.bm25,0.4428,sports stadium naming rights naming rights stadium ,tagmee.topn3.replace,0.4101,Stadium Naming rights ,rm3.topn10.10.0.5.bm25,0.3791,revenu sport team right tax million minnesota stadium financ franchis facil name ,,,,,,,,,,,,,,,,,,,,,,,,,,,,,,,,,,,,,,,,,,
818,Chaco Culture National Park ,0.3886,7,onfields.topn3.10.4.0.25.bm25,0.5145,"{'nation': 2, 'park': 2, 'cultur': 2, 'chaco': 2, 'pueblo': 1.603, 'canyon': 1.26, 'committe': 1.247, 'chacoan': 1.192, 'hopi': 1.137, 'bonito': 1.137, 'ketl': 1.082, 'chetro': 1.082} ",adaponfields.topn3.exrobust04.2.25.1.10.4.0.25.bm25,0.5078,"{'park': 2, 'nation': 2, 'cultur': 2, 'chaco': 2, 'cours': 1.824, 'chacoan': 1.382, 'hous': 1.294, 'fiveday': 1.206, 'canyonland': 1.176, 'elderhostel': 1.118, 'threeday': 1.118, 'oneday': 1.088, 'twoday': 1.088, 'fournight': 1.059} ",anchor.topn3,0.4567,chaco culture national park chilensis    large lip semiárido sozialisten national noodzaak paris  span   magee   박찬욱  phokasomboun ,relevancefeedback.topn10.bm25,0.4109,chaco culture national park cultur ,docluster.topn10.3.bm25,0.4109,chaco culture national park cultur ,sensedisambiguation,0.4036,Chaco Culture polish National Park parking lot ,termluster.topn5.3.bm25,0.3938,chaco culture national park cultur histor mexico site park new site park new chaco cultur histor ,,,,,,,,,,,,,,,,,,,,,,,,,,,,,,,,,
819,Census ,0.0048,15,adaponfields.topn3.exrobust04.2.25.1.10.4.0.25.bm25,0.2503,"{'censu': 2, '1890': 2, 'pite': 2.0, '2921': 1.5, '2816061': 1.125, '1970358': 1.125, '1504277': 1.125, 'enfranchis': 1.125, '2966850': 1.125, '18611934': 1.125, '2479015': 1.125, '26billion': 1.125, '1238048': 1.125} ",bertqe.topn10.bm25,0.1904,"{'1890 Census': 1.5, 'census 1990': 1.0, 'census  1990  td   tr   tr ': 0.9991742361684559, 'pop census  1990  td   tr ': 0.9973162675474815, ' gen census 1990   td   td  gen': 0.9882328654004956, '1990 census  references': 0.9772914946325351} ",rm3.topn10.10.0.5.bm25,0.0424,na fire                schedul popul censu archiv jan ,word2vec.topn3,0.0413,census                censuses Censuses ,word2vec.topn3.replace,0.0279,censuses Censuses ,tagmee.topn3,0.0248,census      United States Census ,conceptluster.topn5.3.bm25,0.0248,census      united states census ,wiki.topn3,0.0242,census      united states census      united states census      united states census      United States Census ,relevancefeedback.topn10.bm25,0.019,census censu map popul veteran ,thesaurus.topn3,0.0187,census  enumeration poll ,wiki.topn3.replace,0.0186,united states census      united states census      united states census      United States Census ,tagmee.topn3.replace,0.0186,United States Census ,termluster.topn5.3.bm25,0.0138,census access archiv articl ,conceptnet.topn3,0.0098,census population ,docluster.topn10.3.bm25,0.0088,census censu popul ,,,,,,,,,
820,imported fire ants ,0.7739,0,,,,,,,,,,,,,,,,,,,,,,,,,,,,,,,,,,,,,,,,,,,,,,,,,,,,,,
821,Internet work at home scams ,0.222,0,,,,,,,,,,,,,,,,,,,,,,,,,,,,,,,,,,,,,,,,,,,,,,,,,,,,,,
822,Custer s Last Stand ,0.0626,12,adaponfields.topn3.exrobust04.2.25.1.10.4.0.25.bm25,0.2441,"{'stand': 2, 'last': 2, ""custer'"": 2, 'that': 2.0, 'custer': 1.872, 'punsalan': 1.41, 'booher': 1.308, 'carson': 1.282, 'battlefield': 1.282, 'there': 1.256, 'mitoma': 1.128, 'huenem': 1.077, 'mintzmyer': 1.077, '70million': 1.051} ",tagmee.topn3,0.1932,custer  s last stand Battle of the Little Bighorn ,conceptluster.topn5.3.bm25,0.1932,custer  s last stand battle little bighorn ,wiki.topn3,0.1356,custer  s last stand battlof throsebud marias massacre son of thmorning star Battle of the Little Bighorn ,tagmee.topn3.replace,0.1169,Battle of the Little Bighorn ,bertqe.topn10.bm25,0.1101,"{'Custers Last Stand': 1.5, 'custer s last stand  john': 1.0, ' custer s last stand ': 0.75, 'last stand  aftermath  p   p  custer': 0.75, 'custer s last battle ': 0.6875, 'american  custer s last stand  title   meta': 0.625} ",onfields.topn3.10.4.0.25.bm25,0.1013,"{'stand': 2, 'last': 2, ""custer'"": 2, 'custer': 2.0, 'nativ': 1.914, 'var': 1.486, 'flander': 1.229, 'documentsearchwidgitsearchtyp': 1.171, 'documentwriteopt': 1.171, 'savedscop': 1.143, 'savedsearch': 1.143, 'documentsearchwidgitsortdropdownoptionslength': 1.143, 'savedtag': 1.114, 'immigrationn': 1.029} ",termluster.topn5.3.bm25,0.0913,custer  s last stand last stand custer stand custer last ,relevancefeedback.topn10.bm25,0.09,custer s last stand custer american ,docluster.topn10.3.bm25,0.09,custer s last stand custer american ,conceptnet.topn3,0.0737,custer  s last stand George Armstrong Custer michigan montana walk ,wordnet.topn3,0.0719,custer  s last stand General Custer George Armstrong Custer go net digest tolerate standstill ,,,,,,,,,,,,,,,,,,
823,Continuing care retirement communities ,0.2669,1,relevancefeedback.topn10.bm25,0.4889,continuing care retirement communities oper provid ccrc ,,,,,,,,,,,,,,,,,,,,,,,,,,,,,,,,,,,,,,,,,,,,,,,,,,,
824,Civil Air Patrol ,0.3192,3,rm3.topn10.10.0.5.bm25,0.3924,patrol member civil forc amend cadet mission aerospac secretari air ,wiki.topn3,0.3525,civil air patrol civil air patrol american military youth groups air cadet organisations Civil Air Patrol ,tagmee.topn3,0.3199,civil air patrol Civil Air Patrol ,,,,,,,,,,,,,,,,,,,,,,,,,,,,,,,,,,,,,,,,,,,,,
825,National Guard Involvement in Iraq ,0.0282,2,stem.trunc5,0.0576,natio guard invol in iraq ,stem.lovins,0.0461,nat guard involut in iraq ,,,,,,,,,,,,,,,,,,,,,,,,,,,,,,,,,,,,,,,,,,,,,,,,
826,Florida Seminole Indians ,0.2173,7,conceptluster.topn5.3.bm25,0.544,florida seminole indians seminole tribe florida ,wiki.topn3,0.5136,florida seminole indians peninsulas of the united states southeastern united states florida Florida miccosukeindian reservation brighton seminolindian reservation american indian reservations in florida Seminole Tribe of Florida uchebilly seminolwars billy bowlegs Seminole uchebilly seminolwars billy bowlegs Seminole ,tagmee.topn3,0.4966,florida seminole indians Florida Seminole Tribe of Florida Seminole Seminole ,tagmee.topn3.replace,0.4898,Florida Seminole Tribe of Florida Seminole Seminole ,wiki.topn3.replace,0.4851,peninsulas of the united states southeastern united states florida Florida miccosukeindian reservation brighton seminolindian reservation american indian reservations in florida Seminole Tribe of Florida uchebilly seminolwars billy bowlegs Seminole uchebilly seminolwars billy bowlegs Seminole ,termluster.topn5.3.bm25,0.2798,florida seminole indians indian land seminol war state land war state seminol ,rm3.topn10.10.0.5.bm25,0.2401,seminol indian fla tribe war everglad osceola game land florida ,,,,,,,,,,,,,,,,,,,,,,,,,,,,,,,,,
827,Hidden Markov Modeling HMM ,0.3525,3,glove.topn3,0.4524,hidden markov modeling hmm hiding hid continuous time bb   simulation hmmm nope ,anchor.topn3,0.4124,hidden markov modeling hmm    hidden    hidden br treasur   predict chain process  ctmc  deribeev wall cross ktarian svk br r ,wiki.topn3,0.3946,hidden markov modeling hmm càdlàg feigenbaum constants central limit theorem Markov process power law statistical model parameter Mathematical model unsupervised learning support vector machine markov model Hidden Markov model ,,,,,,,,,,,,,,,,,,,,,,,,,,,,,,,,,,,,,,,,,,,,,
828,secret shoppers ,0.2777,0,,,,,,,,,,,,,,,,,,,,,,,,,,,,,,,,,,,,,,,,,,,,,,,,,,,,,,
829,Spanish Civil War support ,0.0666,2,adaponfields.topn3.exrobust04.2.25.1.10.4.0.25.bm25,0.1588,"{'support': 2, 'war': 2, 'civil': 2, 'spanish': 2, 'franco': 2.0, 'spain': 1.525, 'pasionaria': 1.25, 'ibarruri': 1.25, 'gervasio': 1.15, 'fascist': 1.125, 'monarchist': 1.1, 'will': 1.1, 'comprehens': 1.075, 'postconvalesc': 1.05, 'morilla': 1.05} ",stem.krovetz,0.097,spain civil war support ,,,,,,,,,,,,,,,,,,,,,,,,,,,,,,,,,,,,,,,,,,,,,,,,
830,model railroads ,0.0629,2,adaponfields.topn3.exrobust04.2.25.1.10.4.0.25.bm25,0.1422,"{'model': 2, 'railroad': 2, 'layout': 1.729, 'that': 1.61, 'drucker': 1.203, 'nehrich': 1.153, 'miniatur': 1.136, 'schrock': 1.102, 'hobbyist': 1.068, 'macik': 1.068, 'roundhous': 1.034, 'hobbi': 1.0} ",thesaurus.topn3,0.0806,model railroads  exemplary miniature  rail line railway ,,,,,,,,,,,,,,,,,,,,,,,,,,,,,,,,,,,,,,,,,,,,,,,,
831,Dulles Airport security ,0.3064,4,onfields.topn3.10.4.0.25.bm25,0.5125,"{'secur': 2, 'airport': 2, 'dull': 2, 'in': 2.0, 'letter': 1.122, 'ziglar': 1.122, 'screener': 1.115, 'respons': 1.081, 'immigr': 1.074, 'releas': 1.047, 'commissionar': 1.047, 'gallegli': 1.0} ",rm3.topn10.10.0.5.bm25,0.4021,gallegli airport screener ziglar citizen commission secur dull in crimin background ,docluster.topn10.3.bm25,0.4019,dulles airport security secur ,sensedisambiguation,0.3423,Dulles Airport security security system ,,,,,,,,,,,,,,,,,,,,,,,,,,,,,,,,,,,,,,,,,,
832,labor union activity ,0.1649,0,,,,,,,,,,,,,,,,,,,,,,,,,,,,,,,,,,,,,,,,,,,,,,,,,,,,,,
833,Iceland government ,0.4049,5,thesaurus.topn3,0.5094,iceland government   authority law ,tagmee.topn3,0.5058,iceland government Politics of Iceland ,conceptluster.topn5.3.bm25,0.5058,iceland government politics iceland ,sensedisambiguation,0.4752,Iceland government politics ,thesaurus.topn3.replace,0.423,iceland  authority law ,,,,,,,,,,,,,,,,,,,,,,,,,,,,,,,,,,,,,,,
834,Global positioning system earthquakes ,0.4494,1,relevancefeedback.topn10.bm25,0.5452,global positioning system earthquakes earth earthquak gp ,,,,,,,,,,,,,,,,,,,,,,,,,,,,,,,,,,,,,,,,,,,,,,,,,,,
835,Big Dig pork ,0.0986,1,wiki.topn3,0.1027,big dig pork transport infrastructure completed in      battery park city heather fargo Big Dig osrox mission school voucher federal jurisdiction  united states  Pork barrel ,,,,,,,,,,,,,,,,,,,,,,,,,,,,,,,,,,,,,,,,,,,,,,,,,,,
836,illegal immigrant wages ,0.2575,1,anchor.topn3,0.3012,illegal immigrant wages voofoo grumpyfac noodlecak   fyn   lorri   nord ,,,,,,,,,,,,,,,,,,,,,,,,,,,,,,,,,,,,,,,,,,,,,,,,,,,
837,Eskimo History ,0.0944,4,tagmee.topn3,0.1116,eskimo history Eskimo kinship History ,anchor.topn3,0.1048,eskimo history charza ashevak sireniki recuyel seeg théodrat ,glove.topn3,0.1013,eskimo history aleut inupiaq historical ever ,termluster.topn5.3.bm25,0.1,eskimo history histori new north societi river resourc ,,,,,,,,,,,,,,,,,,,,,,,,,,,,,,,,,,,,,,,,,,
838,urban suburban coyotes ,0.3531,4,sensedisambiguation,0.5016,urban suburban coyotes coyote ,docluster.topn10.3.bm25,0.5016,urban suburban coyotes coyot ,onfields.topn3.10.4.0.25.bm25,0.4553,"{'suburban': 2, 'urban': 2, 'coyot': 2, 'den': 1.217, 'anim': 1.209, 'dog': 1.2, 'pet': 1.13, 'pup': 1.096, 'prey': 1.078, 'caus': 1.078, 'mendocino': 1.061, 'usdaaphisw': 1.035, 'poultri': 1.0} ",stem.trunc5,0.3974,urban subur coyot ,,,,,,,,,,,,,,,,,,,,,,,,,,,,,,,,,,,,,,,,,,
839,textile dyeing techniques ,0.5885,0,,,,,,,,,,,,,,,,,,,,,,,,,,,,,,,,,,,,,,,,,,,,,,,,,,,,,,
840,Geysers ,0.1631,3,wiki.topn3,0.1964,geysers geysers obsidian magma Geyser ,thesaurus.topn3,0.1926,geysers  gusher hot spring ,wiki.topn3.replace,0.1698,geysers obsidian magma Geyser ,,,,,,,,,,,,,,,,,,,,,,,,,,,,,,,,,,,,,,,,,,,,,
841,camel North America ,0.338,0,,,,,,,,,,,,,,,,,,,,,,,,,,,,,,,,,,,,,,,,,,,,,,,,,,,,,,
842,David McCullough ,0.1266,3,adaponfields.topn3.exrobust04.2.25.1.10.4.0.25.bm25,0.4228,"{'david': 2, 'mccullough': 2, 'truman': 1.36, 'compens': 1.34, 'triton': 1.32, 'henley': 1.2, 'nono': 1.16, 'mdir': 1.16, 'intermark': 1.16, '600000': 1.12, 'yesy': 1.12, 'toppaid': 1.04} ",wiki.topn3,0.212,david mccullough books about john adams john adams  book  joseph sabin David McCullough ,wiki.topn3.replace,0.1513,books about john adams john adams  book  joseph sabin David McCullough ,,,,,,,,,,,,,,,,,,,,,,,,,,,,,,,,,,,,,,,,,,,,,
843,Pol Pot ,0.3922,7,wiki.topn3,0.6481,pol pot people from kampong thom province cambodian people convicted of murder cambodian genocide Pol Pot ,termluster.topn5.3.bm25,0.606,pol pot cambodia khmer pot cambodia khmer pol ,rm3.topn10.10.0.5.bm25,0.5629,rubin khmer cambodian pol he cambodia roug pot prison mr ,wiki.topn3.replace,0.4965,people from kampong thom province cambodian people convicted of murder cambodian genocide Pol Pot ,adaponfields.topn3.exrobust04.2.25.1.10.4.0.25.bm25,0.4531,"{'pot': 2, 'pol': 2, 'khmer': 1.306, 'chandler': 1.25, 'communist': 1.194, 'faction': 1.194, 'penh': 1.139, 'phnom': 1.139, 'saloth': 1.111, 'khieu': 1.083, 'samphan': 1.083} ",relevancefeedback.topn10.bm25,0.4315,pol pot were servic we you i o prison ,glove.topn3,0.4004,pol pot rouge maj boiling ,,,,,,,,,,,,,,,,,,,,,,,,,,,,,,,,,
844,segmental duplications ,0.0619,5,tagmee.topn3,0.2348,segmental duplications Segmentation  biology  Gene duplication ,conceptluster.topn5.3.bm25,0.2348,segmental duplications gene duplication segmentation biology ,tagmee.topn3.replace,0.1398,Segmentation  biology  Gene duplication ,docluster.topn10.3.bm25,0.1221,segmental duplications tcp segment chromosom t  duplic ,sensedisambiguation,0.1,segmental duplications duplication ,,,,,,,,,,,,,,,,,,,,,,,,,,,,,,,,,,,,,,,
845,New Jersey tomato ,0.3247,4,termluster.topn5.3.bm25,0.4122,new jersey tomato jersei tomato product jersei new product ,tagmee.topn3.replace,0.3894,New Jersey Jersey Tomato ,tagmee.topn3,0.3703,new jersey tomato New Jersey Jersey Tomato ,sensedisambiguation,0.3592,New newly Jersey new jersey tomato ,,,,,,,,,,,,,,,,,,,,,,,,,,,,,,,,,,,,,,,,,,
846,heredity and obesity ,0.1884,1,wiki.topn3,0.1952,heredity obesity teratology somatic ontogeny Heredity bariatrics overweight body shape Obesity ,,,,,,,,,,,,,,,,,,,,,,,,,,,,,,,,,,,,,,,,,,,,,,,,,,,
847,Portugal World War II ,0.3402,5,onfields.topn3.10.4.0.25.bm25,0.7545,"{'ii': 2, 'world': 2, 'portug': 2, 'war': 2, 'german': 1.851, 'gold': 1.716, 'alli': 1.545, 'neutral': 1.386, 'loot': 1.309, 'spain': 1.237, 'nazi': 1.223, 'ustasha': 1.088, 'germani': 1.0} ",rm3.topn10.10.0.5.bm25,0.6381,portug ii war swiss germani palac world dure presid nazi gold neutral ,relevancefeedback.topn10.bm25,0.6031,portugal world war ii alli gold de presid ,docluster.topn10.3.bm25,0.4971,portugal world war ii gold presid ,tagmee.topn3,0.3469,portugal world war ii Portugal during World War II World War II ,,,,,,,,,,,,,,,,,,,,,,,,,,,,,,,,,,,,,,,
848,radio station call letters ,0.1496,0,,,,,,,,,,,,,,,,,,,,,,,,,,,,,,,,,,,,,,,,,,,,,,,,,,,,,,
849,Scalable Vector Graphics ,0.1735,5,onfields.topn3.10.4.0.25.bm25,0.4117,"{'vector': 2, 'scalabl': 2, 'graphic': 2, 'svg': 2.0, 'devic': 1.438, 'style': 1.425, 'pixel': 1.342, 'sheet': 1.315, 'dataplot': 1.247, 'ipl1na': 1.082, 'plot1svg': 1.041} ",relevancefeedback.topn10.bm25,0.3411,scalable vector graphics imag svg graphic file render visual system slide ,wiki.topn3,0.257,scalable vector graphics mathml web browser engine konqueror Scalable Vector Graphics ,sensedisambiguation,0.2135,Scalable Vector Graphics graphic ,wiki.topn3.replace,0.2099,mathml web browser engine konqueror Scalable Vector Graphics ,,,,,,,,,,,,,,,,,,,,,,,,,,,,,,,,,,,,,,,
850,Mississippi River flood ,0.2558,4,rm3.topn10.10.0.5.bm25,0.3451,plate flood discharg leve river missouri basin upper      mississippi ,termluster.topn5.3.bm25,0.3006,mississippi river flood flood river water flood mississippi water mississippi river water ,conceptluster.topn5.3.bm25,0.2955,mississippi river flood flood ,adaponfields.topn3.exrobust04.2.25.1.10.4.0.25.bm25,0.2897,"{'river': 2, 'mississippi': 2, 'flood': 2, 'leve': 1.284, 'pere': 1.075, 'schwenk': 1.06, 'there': 1.045, 'heatwav': 1.045, 'cruis': 1.03, 'excurs': 1.03, 'sewageladen': 1.015, '298bn': 1.015, 'washingtonbas': 1.015} ",,,,,,,,,,,,,,,,,,,,,,,,,,,,,,,,,,,,,,,,,,
