qid,abstractqueryexpansion,abstractqueryexpansion.qld.rm3.map,star_model_count,method.1,metric.1,query.1,method.2,metric.2,query.2,method.3,metric.3,query.3,method.4,metric.4,query.4,method.5,metric.5,query.5,method.6,metric.6,query.6,method.7,metric.7,query.7,method.8,metric.8,query.8,method.9,metric.9,query.9,method.10,metric.10,query.10,method.11,metric.11,query.11,method.12,metric.12,query.12,method.13,metric.13,query.13
1,obama family tree ,0.0,13,wiki.topn3,0.4489,obama family tree stanley armour dunham madelyn dunham barack obama  sr  Family of Barack Obama ,tagmee.topn3,0.3751,obama family tree Family of Barack Obama ,conceptluster.topn5.3.qld.rm3,0.3751,obama family tree family barack obama ,word2vec.topn3,0.3697,obama family tree  bama barack relatives tree  ,conceptnet.topn3,0.3515,obama family tree Barack Hussein Obama home group branch squirrel wood ,anchor.topn3,0.3438,obama family tree barack   obama strichnocera mekubetzet tree stern   s diatomic sequ ssm a   ,anchor.topn3.replace,0.3313,barack   obama strichnocera family mekubetzet tree stern   s diatomic sequ ssm a   ,wiki.topn3.replace,0.3169,stanley armour dunham madelyn dunham barack obama  sr  Family of Barack Obama ,glove.topn3,0.3164,obama family tree barack mccain father pine ,sensedisambiguation.replace,0.2202,obama syndicate tree ,tagmee.topn3.replace,0.1919,Family of Barack Obama ,conceptnet.topn3.replace,0.1776,Barack Hussein Obama home group branch squirrel wood ,word2vec.topn3.replace,0.0121, bama barack relatives tree  
2,french lick resort and casino ,0.221,5,stem.lovins,0.2467,french lick resort and casin ,sensedisambiguation,0.238,french lick salt lick resort and casino ,tagmee.topn3,0.2234,french lick resort casino French Lick  Indiana French Lick Resort Casino Casino ,conceptluster.topn5.3.qld.rm3,0.2234,french lick resort casino french lick indiana casino french lick resort casino ,conceptnet.topn3,0.2217,french lick resort casino a language recourse ,,,,,,,,,,,,,,,,,,,,,,,,
3,getting organized ,0.0752,0,,,,,,,,,,,,,,,,,,,,,,,,,,,,,,,,,,,,,,,
4,toilet ,0.0959,1,relevancefeedback.topn10.qld.rm3,0.2716,toilet step ,,,,,,,,,,,,,,,,,,,,,,,,,,,,,,,,,,,,
5,mitchell college ,0.0014,0,,,,,,,,,,,,,,,,,,,,,,,,,,,,,,,,,,,,,,,
6,kcs ,0.0024,1,sensedisambiguation,0.0047,kcs kilohertz ,,,,,,,,,,,,,,,,,,,,,,,,,,,,,,,,,,,,
7,air travel information ,0.0309,1,sensedisambiguation.replace,0.0431,air travel travel information ,,,,,,,,,,,,,,,,,,,,,,,,,,,,,,,,,,,,
8,appraisals ,0.0116,3,relevancefeedback.topn10.qld.rm3,0.0231,appraisals apprais perform busi ,conceptnet.topn3,0.0148,appraisals establish a worth ,docluster.topn10.3.qld.rm3,0.0135,appraisals apprais ,,,,,,,,,,,,,,,,,,,,,,,,,,,,,,
9,used car parts ,0.0407,4,docluster.topn10.3.qld.rm3,0.0927,used car parts part ,relevancefeedback.topn10.qld.rm3,0.0828,used car parts part us ,conceptnet.topn3,0.0757,used car parts drive body ,thesaurus.topn3,0.0453,used car parts  recycled worn  auto automobile  any chunk ,,,,,,,,,,,,,,,,,,,,,,,,,,,
10,cheap internet ,0.0154,2,word2vec.topn3.replace,0.1097,inexpensive low cost online intenet ,word2vec.topn3,0.1094,cheap internet inexpensive low cost online intenet ,,,,,,,,,,,,,,,,,,,,,,,,,,,,,,,,,
11,gmat prep classes ,0.2087,1,word2vec.topn3,0.2152,gmat prep classes courses ,,,,,,,,,,,,,,,,,,,,,,,,,,,,,,,,,,,,
12,djs ,0.0461,0,,,,,,,,,,,,,,,,,,,,,,,,,,,,,,,,,,,,,,,
13,map ,0.0121,0,,,,,,,,,,,,,,,,,,,,,,,,,,,,,,,,,,,,,,,
14,dinosaurs ,0.0396,1,glove.topn3,0.07200000000000001,dinosaurs reptiles ,,,,,,,,,,,,,,,,,,,,,,,,,,,,,,,,,,,,
15,espn sports ,0.1944,0,,,,,,,,,,,,,,,,,,,,,,,,,,,,,,,,,,,,,,,
16,arizona game and fish ,0.1757,2,tagmee.topn3,0.1922,arizona game fish Arizona Arizona Game and Fish Department Fish ,conceptluster.topn5.3.qld.rm3,0.1922,arizona game fish arizona game fish department arizona fish ,,,,,,,,,,,,,,,,,,,,,,,,,,,,,,,,,
17,poker tournaments ,0.0632,1,sensedisambiguation,0.0935,poker tournaments tournament ,,,,,,,,,,,,,,,,,,,,,,,,,,,,,,,,,,,,
18,wedding budget calculator ,0.0979,1,relevancefeedback.topn10.qld.rm3,0.0998,wedding budget calculator wed calcul you expens ,,,,,,,,,,,,,,,,,,,,,,,,,,,,,,,,,,,,
19,the current ,0.0,0,,,,,,,,,,,,,,,,,,,,,,,,,,,,,,,,,,,,,,,
20,defender ,0.0,0,,,,,,,,,,,,,,,,,,,,,,,,,,,,,,,,,,,,,,,
21,volvo ,0.2731,0,,,,,,,,,,,,,,,,,,,,,,,,,,,,,,,,,,,,,,,
22,rick warren ,0.2492,0,,,,,,,,,,,,,,,,,,,,,,,,,,,,,,,,,,,,,,,
23,yahoo ,0.0077,3,wiki.topn3,0.0299,yahoo alibaba group websites by company companies based in sunnyvale  california Yahoo  ,wiki.topn3.replace,0.027000000000000003,alibaba group websites by company companies based in sunnyvale  california Yahoo  ,sensedisambiguation,0.0145,yahoo yokel ,,,,,,,,,,,,,,,,,,,,,,,,,,,,,,
24,diversity ,0.0802,0,,,,,,,,,,,,,,,,,,,,,,,,,,,,,,,,,,,,,,,
25,euclid ,0.2372,0,,,,,,,,,,,,,,,,,,,,,,,,,,,,,,,,,,,,,,,
26,lower heart rate ,0.0825,1,word2vec.topn3,0.0927,lower heart rate higher upper low soul heart  rate  ,,,,,,,,,,,,,,,,,,,,,,,,,,,,,,,,,,,,
27,starbucks ,0.0936,1,wiki.topn3,0.133,starbucks retail companies established in      burger king pike place market Starbucks ,,,,,,,,,,,,,,,,,,,,,,,,,,,,,,,,,,,,
28,inuyasha ,0.1803,0,,,,,,,,,,,,,,,,,,,,,,,,,,,,,,,,,,,,,,,
29,ps   games ,0.0037,0,,,,,,,,,,,,,,,,,,,,,,,,,,,,,,,,,,,,,,,
30,diabetes education ,0.0765,0,,,,,,,,,,,,,,,,,,,,,,,,,,,,,,,,,,,,,,,
31,atari ,0.3316,0,,,,,,,,,,,,,,,,,,,,,,,,,,,,,,,,,,,,,,,
32,website design hosting ,0.0155,0,,,,,,,,,,,,,,,,,,,,,,,,,,,,,,,,,,,,,,,
33,elliptical trainer ,0.2705,3,sensedisambiguation,0.273,elliptical elliptic trainer ,relevancefeedback.topn10.qld.rm3,0.273,elliptical trainer ellipt ,docluster.topn10.3.qld.rm3,0.273,elliptical trainer ellipt ,,,,,,,,,,,,,,,,,,,,,,,,,,,,,,
34,cell phones ,0.0263,7,glove.topn3,0.0792,cell phones cellular telephones cellphones ,word2vec.topn3,0.0608,cell phones cellular telephones handsets ,wordnet.topn3,0.042,cell phones electric cell cellular phone telephone set earphone ,wordnet.topn3.replace,0.0368,cellular phone prison cell electric cell call up speech sound ring ,glove.topn3.replace,0.0323,cellular telephones cellphones ,relevancefeedback.topn10.qld.rm3,0.0274,cell phones phone ,docluster.topn10.3.qld.rm3,0.0274,cell phones phone ,,,,,,,,,,,,,,,,,,
35,hoboken ,0.2378,2,tagmee.topn3,0.3557,hoboken Hoboken  New Jersey ,conceptluster.topn5.3.qld.rm3,0.3557,hoboken hoboken new jersey ,,,,,,,,,,,,,,,,,,,,,,,,,,,,,,,,,
36,gps ,0.0481,2,wiki.topn3,0.0837,gps missile guidance geographical technology radio navigation Global Positioning System ,glove.topn3,0.0702,gps positioning navigation ,,,,,,,,,,,,,,,,,,,,,,,,,,,,,,,,,
37,pampered chef ,0.0362,0,,,,,,,,,,,,,,,,,,,,,,,,,,,,,,,,,,,,,,,
38,dogs for adoption ,0.0535,0,,,,,,,,,,,,,,,,,,,,,,,,,,,,,,,,,,,,,,,
39,disneyland hotel ,0.0951,4,docluster.topn10.3.qld.rm3,0.1171,disneyland hotel anaheim ,relevancefeedback.topn10.qld.rm3,0.1165,disneyland hotel gener anaheim ,tagmee.topn3,0.0953,disneyland hotel Disneyland Hotel  California  ,conceptluster.topn5.3.qld.rm3,0.0953,disneyland hotel disneyland hotel california ,,,,,,,,,,,,,,,,,,,,,,,,,,,
40,michworks ,0.0602,0,,,,,,,,,,,,,,,,,,,,,,,,,,,,,,,,,,,,,,,
41,orange county convention center ,0.0574,1,thesaurus.topn3,0.1014,orange county convention center  apricot bittersweet  canton constituency  meeting show  inside interior ,,,,,,,,,,,,,,,,,,,,,,,,,,,,,,,,,,,,
42,the music man ,0.0,2,wiki.topn3,0.0097,music man oklahoma  oklahoma in fiction kiss me  kate The Music Man ,wiki.topn3.replace,0.0037,oklahoma  oklahoma in fiction kiss me  kate The Music Man ,,,,,,,,,,,,,,,,,,,,,,,,,,,,,,,,,
43,the secret garden ,0.211,3,wiki.topn3,0.584,secret garden novels by frances hodgson burnett littlwomen thchristmas miraclof jonathan toomey The Secret Garden ,wiki.topn3.replace,0.5831,novels by frances hodgson burnett littlwomen thchristmas miraclof jonathan toomey The Secret Garden ,glove.topn3,0.2218,secret garden supposedly secretly prohertrib ,,,,,,,,,,,,,,,,,,,,,,,,,,,,,,
44,map of the united states ,0.0572,0,,,,,,,,,,,,,,,,,,,,,,,,,,,,,,,,,,,,,,,
45,solar panels ,0.131,4,sensedisambiguation,0.13699999999999998,solar panels panel ,relevancefeedback.topn10.qld.rm3,0.13699999999999998,solar panels panel ,docluster.topn10.3.qld.rm3,0.13699999999999998,solar panels panel ,wordnet.topn3,0.1364,solar panels gore instrument panel ,,,,,,,,,,,,,,,,,,,,,,,,,,,
46,alexian brothers hospital ,0.3078,0,,,,,,,,,,,,,,,,,,,,,,,,,,,,,,,,,,,,,,,
47,indexed annuity ,0.1449,2,thesaurus.topn3,0.1933,indexed annuity  alphabetize catalogue  amount award ,sensedisambiguation,0.1791,indexed index annuity ,,,,,,,,,,,,,,,,,,,,,,,,,,,,,,,,,
48,wilson antenna ,0.0155,0,,,,,,,,,,,,,,,,,,,,,,,,,,,,,,,,,,,,,,,
49,flame designs ,0.1728,1,termluster.topn5.3.qld.rm3,0.227,flame designs art clip clipart ,,,,,,,,,,,,,,,,,,,,,,,,,,,,,,,,,,,,
50,dog heat ,0.0152,1,sensedisambiguation,0.0177,dog pawl heat hotness ,,,,,,,,,,,,,,,,,,,,,,,,,,,,,,,,,,,,
51,horse hooves ,0.2534,0,,,,,,,,,,,,,,,,,,,,,,,,,,,,,,,,,,,,,,,
52,avp ,0.1727,2,tagmee.topn3,0.2102,avp Association of Volleyball Professionals ,conceptluster.topn5.3.qld.rm3,0.2102,avp association volleyball professionals ,,,,,,,,,,,,,,,,,,,,,,,,,,,,,,,,,
53,discovery channel store ,0.0384,1,termluster.topn5.3.qld.rm3,0.0628,discovery channel store store dvd dai discoveri store dai channel discoveri dai ,,,,,,,,,,,,,,,,,,,,,,,,,,,,,,,,,,,,
54,president of the united states ,0.1594,3,wordnet.topn3,0.1832,president united states prexy United States President merge unify link up tell land express ,sensedisambiguation,0.1758,president president of the united states of the united states state ,stem.trunc5,0.1712,presi of the unite state ,,,,,,,,,,,,,,,,,,,,,,,,,,,,,,
55,iron ,0.0726,3,wordnet.topn3,0.154,iron Fe smoothing iron ,anchor.topn3,0.1471,iron isocyanotoluenemolybdenum isocyanobutanemolybdenum hydromanganes ,wordnet.topn3.replace,0.0993,cast iron atomic number    ,,,,,,,,,,,,,,,,,,,,,,,,,,,,,,
56,uss yorktown charleston sc ,0.0109,5,tagmee.topn3.replace,0.0667,USS Yorktown  CV     Charleston  South Carolina ,glove.topn3,0.0525,uss yorktown charleston sc destroyer u s s  williamsburg      savannah s c  karlsruher djecr ,tagmee.topn3,0.038,uss yorktown charleston sc USS Yorktown  CV     Charleston  South Carolina ,conceptluster.topn5.3.qld.rm3,0.038,uss yorktown charleston sc charleston south carolina uss yorktown cv    ,relevancefeedback.topn10.qld.rm3,0.0171,uss yorktown charleston sc aircraft pleasant museum ,,,,,,,,,,,,,,,,,,,,,,,,
57,ct jobs ,0.0982,0,,,,,,,,,,,,,,,,,,,,,,,,,,,,,,,,,,,,,,,
58,penguins ,0.054000000000000006,2,conceptnet.topn3,0.0871,penguins funny looking a zoo swim underwater ,word2vec.topn3,0.0777,penguins rockhopper ,,,,,,,,,,,,,,,,,,,,,,,,,,,,,,,,,
59,how to build a fence ,0.0276,0,,,,,,,,,,,,,,,,,,,,,,,,,,,,,,,,,,,,,,,
60,bellevue ,0.1662,0,,,,,,,,,,,,,,,,,,,,,,,,,,,,,,,,,,,,,,,
61,worm ,0.0334,0,,,,,,,,,,,,,,,,,,,,,,,,,,,,,,,,,,,,,,,
62,texas border patrol ,0.3353,9,wiki.topn3.replace,0.4066,texas states of the confederate states of america louisiana Texas united states border patrol el paso intelligenccenter u s  customs and border protection United States Border Patrol ,tagmee.topn3.replace,0.3828,Texas United States Border Patrol ,glove.topn3,0.3801,texas border patrol kansas austin crossing ,wiki.topn3,0.3799,texas border patrol texas states of the confederate states of america louisiana Texas united states border patrol el paso intelligenccenter u s  customs and border protection United States Border Patrol ,tagmee.topn3,0.3711,texas border patrol Texas United States Border Patrol ,conceptluster.topn5.3.qld.rm3,0.3711,texas border patrol united states border patrol texas ,thesaurus.topn3,0.3466,texas border patrol   boundary line  garrison vigilance ,word2vec.topn3,0.3448,texas border patrol nebraska california oklahoma border  ,sensedisambiguation,0.3354,texas border molding patrol ,,,,,,,,,,,,
63,flushing ,0.0942,3,tagmee.topn3,0.1984,flushing Flushing  Queens ,conceptluster.topn5.3.qld.rm3,0.1984,flushing flushing queens ,tagmee.topn3.replace,0.1278,Flushing  Queens ,,,,,,,,,,,,,,,,,,,,,,,,,,,,,,
64,moths ,0.1361,0,,,,,,,,,,,,,,,,,,,,,,,,,,,,,,,,,,,,,,,
65,korean language ,0.0795,9,glove.topn3,0.3793,korean language korea word ,wiki.topn3,0.3712,korean language languages of north korea languages of korea buyeo languages Korean language ,wiki.topn3.replace,0.3574,languages of north korea languages of korea buyeo languages Korean language ,thesaurus.topn3,0.15,korean language  Asian Chinese  accent dialect ,wordnet.topn3,0.1292,korean language words lyric oral communication ,stem.krovetz,0.1231,korea language ,word2vec.topn3,0.1058,korean language korea langauge ,relevancefeedback.topn10.qld.rm3,0.0876,korean language languag ,docluster.topn10.3.qld.rm3,0.0876,korean language languag ,,,,,,,,,,,,
66,income tax return online ,0.0027,0,,,,,,,,,,,,,,,,,,,,,,,,,,,,,,,,,,,,,,,
67,vldl levels ,0.0921,1,stem.trunc4,0.135,vldl leve ,,,,,,,,,,,,,,,,,,,,,,,,,,,,,,,,,,,,
68,pvc ,0.0969,4,wordnet.topn3,0.1696,pvc polyvinyl chloride premature ventricular contraction ,tagmee.topn3,0.1651,pvc Polyvinyl chloride ,conceptluster.topn5.3.qld.rm3,0.1651,pvc polyvinyl chloride ,wiki.topn3,0.1346,pvc polystyrene polyethylene acrylonitrilbutadienstyrene Polyvinyl chloride ,,,,,,,,,,,,,,,,,,,,,,,,,,,
69,sewing instructions ,0.1466,0,,,,,,,,,,,,,,,,,,,,,,,,,,,,,,,,,,,,,,,
70,to be or not to be that is the question ,0.0,0,,,,,,,,,,,,,,,,,,,,,,,,,,,,,,,,,,,,,,,
71,living in india ,0.0,10,wiki.topn3,0.0124,living india states and territories established in      india hindustani speaking countries and territories India ,wiki.topn3.replace,0.0102,states and territories established in      india hindustani speaking countries and territories India ,word2vec.topn3.replace,0.0061,non living pakistan indian nepal ,wordnet.topn3.replace,0.0021,hold up life Republic of India Bharat ,conceptnet.topn3,0.0007,living india home room house a country in Asia a temple a very populous country ,tagmee.topn3,0.0004,living india India ,conceptluster.topn5.3.qld.rm3,0.0004,living india india ,word2vec.topn3,0.0003,living india non living pakistan indian nepal ,anchor.topn3,0.0001,living india gingerpig seareal caballero  nilgri india histori olatpur  ,tagmee.topn3.replace,0.0001,India ,,,,,,,,,
72,the sun ,0.0004,7,thesaurus.topn3,0.1473,sun  star sunlight ,word2vec.topn3,0.0466,sun sunlight sunshine sun  ,sensedisambiguation,0.0442,the sun sunlight ,word2vec.topn3.replace,0.0224,sunlight sunshine sun  ,thesaurus.topn3.replace,0.0098, star sunlight ,wordnet.topn3,0.0043,sun solarize insolate ,glove.topn3,0.0009,sun bright sky ,,,,,,,,,,,,,,,,,,
73,neil young ,0.2367,1,sensedisambiguation,0.2451,neil young youthful ,,,,,,,,,,,,,,,,,,,,,,,,,,,,,,,,,,,,
74,kiwi ,0.0164,2,word2vec.topn3,0.0403,kiwi kiwifruit ,wordnet.topn3,0.0381,kiwi Actinidia deliciosa kiwi fruit ,,,,,,,,,,,,,,,,,,,,,,,,,,,,,,,,,
75,tornadoes ,0.3537,0,,,,,,,,,,,,,,,,,,,,,,,,,,,,,,,,,,,,,,,
76,raised gardens ,0.208,1,thesaurus.topn3,0.256,raised gardens  constructed heightened  back yard bed ,,,,,,,,,,,,,,,,,,,,,,,,,,,,,,,,,,,,
77,bobcat ,0.0572,0,,,,,,,,,,,,,,,,,,,,,,,,,,,,,,,,,,,,,,,
78,dieting ,0.0007,6,wiki.topn3.replace,0.0272,food faddism junk food macrobiotic diet Dieting ,wiki.topn3,0.0261,dieting food faddism junk food macrobiotic diet Dieting ,word2vec.topn3,0.0018,dieting weight loss dieters ,glove.topn3,0.0016,dieting dieters overeating ,thesaurus.topn3,0.0013,dieting  dietary fast ,thesaurus.topn3.replace,0.0012, dietary fast ,,,,,,,,,,,,,,,,,,,,,
79,voyager ,0.0363,5,wiki.topn3,0.3502,voyager missions to uranus missions to neptune missions to saturn Voyager program ,wiki.topn3.replace,0.319,missions to uranus missions to neptune missions to saturn Voyager program ,tagmee.topn3.replace,0.1439,Voyager program ,tagmee.topn3,0.0483,voyager Voyager program ,conceptluster.topn5.3.qld.rm3,0.0483,voyager voyager program ,,,,,,,,,,,,,,,,,,,,,,,,
80,keyboard reviews ,0.0914,0,,,,,,,,,,,,,,,,,,,,,,,,,,,,,,,,,,,,,,,
81,afghanistan ,0.102,2,anchor.topn3,0.2089,afghanistan junbish  عالی      present  ,wordnet.topn3,0.1899,afghanistan Islamic State of Afghanistan ,,,,,,,,,,,,,,,,,,,,,,,,,,,,,,,,,
82,joints ,0.0476,0,,,,,,,,,,,,,,,,,,,,,,,,,,,,,,,,,,,,,,,
83,memory ,0.0,5,conceptnet.topn3,0.0676,memory remembering something brain ,conceptnet.topn3.replace,0.0402,remembering something brain ,glove.topn3,0.0395,memory remembering ,wordnet.topn3,0.02,memory retentivity remembering computer storage ,word2vec.topn3,0.0126,memory recollection ,,,,,,,,,,,,,,,,,,,,,,,,
84,continental plates ,0.3771,0,,,,,,,,,,,,,,,,,,,,,,,,,,,,,,,,,,,,,,,
85,milwaukee journal sentinel ,0.0395,3,wordnet.topn3,0.0481,milwaukee journal sentinel daybook diary sentry spotter scout ,sensedisambiguation,0.0396,milwaukee journal sentinel lookout ,conceptnet.topn3,0.0396,milwaukee journal sentinel lookout ,,,,,,,,,,,,,,,,,,,,,,,,,,,,,,
86,bart sf ,0.4284,0,,,,,,,,,,,,,,,,,,,,,,,,,,,,,,,,,,,,,,,
87,who invented music ,0.0035,4,termluster.topn5.3.qld.rm3,0.0713,invented music name first ,tagmee.topn3,0.0122,invented music The Who The Music ,thesaurus.topn3,0.0057,invented music  assumed created  melody opera ,conceptnet.topn3,0.0045,invented music fictional dance record rock ,,,,,,,,,,,,,,,,,,,,,,,,,,,
88,forearm pain ,0.0102,6,glove.topn3,0.076,forearm pain elbow wrist discomfort suffering ,word2vec.topn3,0.0751,forearm pain wrist elbow discomfort suffering agony ,glove.topn3.replace,0.0428,elbow wrist discomfort suffering ,word2vec.topn3.replace,0.024,wrist elbow discomfort suffering agony ,thesaurus.topn3,0.0162,forearm pain  radius ulna  ache agony ,conceptnet.topn3,0.0124,forearm pain hurt feeling sensation ,,,,,,,,,,,,,,,,,,,,,
89,ocd ,0.2901,0,,,,,,,,,,,,,,,,,,,,,,,,,,,,,,,,,,,,,,,
90,mgb ,0.1654,2,relevancefeedback.topn10.qld.rm3,0.1979,mgb v     sp mg ,docluster.topn10.3.qld.rm3,0.1979,mgb   v   sp mg ,,,,,,,,,,,,,,,,,,,,,,,,,,,,,,,,,
91,er tv show ,0.0124,5,wordnet.topn3,0.0466,er tv show erbium Er ER video television set boob tube prove depict express ,conceptluster.topn5.3.qld.rm3,0.0318,er tv show er tv series television program ,tagmee.topn3.replace,0.0317,ER  TV series  ER  TV series  Television program ,conceptnet.topn3.replace,0.0264,er an abbreviation for television show ,tagmee.topn3,0.0256,er tv show ER  TV series  ER  TV series  Television program ,,,,,,,,,,,,,,,,,,,,,,,,
92,the wall ,0.0002,2,word2vec.topn3,0.0037,wall wall  brick ,word2vec.topn3.replace,0.0018,wall  brick ,,,,,,,,,,,,,,,,,,,,,,,,,,,,,,,,,
93,raffles ,0.0192,2,conceptnet.topn3,0.0249,raffles Sir Thomas Stamford Raffles rafflesian ,wordnet.topn3,0.0223,raffles raffle off Sir Thomas Stamford Raffles Sir Thomas Raffles ,,,,,,,,,,,,,,,,,,,,,,,,,,,,,,,,,
94,titan ,0.0108,0,,,,,,,,,,,,,,,,,,,,,,,,,,,,,,,,,,,,,,,
95,earn money at home ,,0,,,,,,,,,,,,,,,,,,,,,,,,,,,,,,,,,,,,,,,
96,rice ,0.1268,0,,,,,,,,,,,,,,,,,,,,,,,,,,,,,,,,,,,,,,,
97,south africa ,0.0209,4,wiki.topn3,0.1036,south africa afrikaans speaking countries and territories south africa bantu countries and territories South Africa ,wiki.topn3.replace,0.0974,afrikaans speaking countries and territories south africa bantu countries and territories South Africa ,anchor.topn3,0.0457,south africa taurai mankachar north entolium    a   frica fojela ,wordnet.topn3,0.0359,south africa in the south S to the south ,,,,,,,,,,,,,,,,,,,,,,,,,,,
98,sat ,0.095,0,,,,,,,,,,,,,,,,,,,,,,,,,,,,,,,,,,,,,,,
99,satellite ,0.0115,3,wordnet.topn3,0.0774,satellite artificial satellite orbiter planet ,wordnet.topn3.replace,0.0263,planet artificial satellite ,glove.topn3,0.0192,satellite launch ,,,,,,,,,,,,,,,,,,,,,,,,,,,,,,
100,rincon puerto rico ,,0,,,,,,,,,,,,,,,,,,,,,,,,,,,,,,,,,,,,,,,
101,ritz carlton lake las vegas ,0.0568,0,,,,,,,,,,,,,,,,,,,,,,,,,,,,,,,,,,,,,,,
102,fickle creek farm ,0.0019,0,,,,,,,,,,,,,,,,,,,,,,,,,,,,,,,,,,,,,,,
103,madam cj walker ,0.0645,5,wiki.topn3.replace,0.1509,my bondagand my freedom negro academy legal rights association Madam C  J  Walker ,tagmee.topn3.replace,0.0857,Madam C  J  Walker ,thesaurus.topn3,0.0741,madam cj walker  madame Frau   hiker pedestrian ,stem.paicehusk,0.0699,madam cj walk ,stem.trunc5,0.0699,madam cj walke ,,,,,,,,,,,,,,,,,,,,,,,,
104,indiana child support ,0.0229,0,,,,,,,,,,,,,,,,,,,,,,,,,,,,,,,,,,,,,,,
105,sonoma county medical services ,0.0325,3,sensedisambiguation,0.0533,sonoma county medical services servicing ,conceptluster.topn5.3.qld.rm3,0.0392,sonoma county medical services health care sonoma county california ,docluster.topn10.3.qld.rm3,0.033,sonoma county medical services counti health ,,,,,,,,,,,,,,,,,,,,,,,,,,,,,,
106,universal animal cuts reviews ,0.0193,1,relevancefeedback.topn10.qld.rm3,0.0405,universal animal cuts reviews nutrit i review anim cut price ,,,,,,,,,,,,,,,,,,,,,,,,,,,,,,,,,,,,
107,cass county missouri ,0.0278,2,thesaurus.topn3.replace,0.065,cass  canton constituency missouri ,wordnet.topn3,0.0301,cass county missouri California calcium Ca Missouri River Show Me State MO ,,,,,,,,,,,,,,,,,,,,,,,,,,,,,,,,,
108,ralph owen brewster ,0.5222,0,,,,,,,,,,,,,,,,,,,,,,,,,,,,,,,,,,,,,,,
109,mayo clinic jacksonville fl ,0.0039,4,thesaurus.topn3,0.0099,mayo clinic jacksonville fl   hospital dispensary   ,tagmee.topn3.replace,0.0056,Mayo Clinic Jacksonville  Florida ,tagmee.topn3,0.0054,mayo clinic jacksonville fl Mayo Clinic Jacksonville  Florida ,conceptluster.topn5.3.qld.rm3,0.0054,mayo clinic jacksonville fl jacksonville florida mayo clinic ,,,,,,,,,,,,,,,,,,,,,,,,,,,
110,map of brazil ,0.0217,0,,,,,,,,,,,,,,,,,,,,,,,,,,,,,,,,,,,,,,,
111,lymphoma in dogs ,0.3873,0,,,,,,,,,,,,,,,,,,,,,,,,,,,,,,,,,,,,,,,
112,kenmore gas water heater ,0.0,0,,,,,,,,,,,,,,,,,,,,,,,,,,,,,,,,,,,,,,,
113,hp mini      ,0.0015,1,termluster.topn5.3.qld.rm3,0.0026,hp mini      new note notebook ,,,,,,,,,,,,,,,,,,,,,,,,,,,,,,,,,,,,
114,adobe indian houses ,0.0039,2,wiki.topn3,0.0316,adobe indian houses buildings and structures by construction material adobe buildings and structures pueblos Adobe indigenous peoples in the united states native american topics native american history Native Americans in the United States houses residential area building House ,wiki.topn3.replace,0.0249,buildings and structures by construction material adobe buildings and structures pueblos Adobe indigenous peoples in the united states native american topics native american history Native Americans in the United States houses residential area building House ,,,,,,,,,,,,,,,,,,,,,,,,,,,,,,,,,
115,pacific northwest laboratory ,0.0321,6,thesaurus.topn3,0.2526,pacific northwest laboratory  calm friendly   lab workshop ,thesaurus.topn3.replace,0.25, calm friendly northwest  lab workshop ,stem.paicehusk,0.25,pac northwest lab ,tagmee.topn3,0.125,pacific northwest laboratory Pacific Northwest ,conceptluster.topn5.3.qld.rm3,0.125,pacific northwest laboratory pacific northwest ,wordnet.topn3,0.0362,pacific northwest laboratory Pacific Ocean northwesterly nor  west science laboratory science lab ,,,,,,,,,,,,,,,,,,,,,
116,california franchise tax board ,0.0052,6,conceptnet.topn3,0.0802,california franchise tax board a state a lizard a state in the USA government money payment wood plank flat ,thesaurus.topn3,0.0662,california franchise tax board  Bear Flag State Cal  authorization ballot  contribution cost  panel lath ,wordnet.topn3,0.0288,california franchise tax board Golden State CA dealership enfranchisement taxation assess gameboard instrument panel plug in ,anchor.topn3,0.0137,california franchise tax board california economi california histori california educ nutraceut roche dinkeloo omrania   puissanc      e            technic azobisisobutyronitril servogear barbering  ,stem.porter,0.0061,california franchis tax board ,stem.porter2,0.0061,california franchis tax board ,,,,,,,,,,,,,,,,,,,,,
117,dangers of asbestos ,0.2206,0,,,,,,,,,,,,,,,,,,,,,,,,,,,,,,,,,,,,,,,
118,poem in your pocket day ,0.0366,0,,,,,,,,,,,,,,,,,,,,,,,,,,,,,,,,,,,,,,,
119,interview thank you ,0.1129,0,,,,,,,,,,,,,,,,,,,,,,,,,,,,,,,,,,,,,,,
120,tv on computer ,0.0261,2,tagmee.topn3,0.0632,tv computer Television Computer ,conceptluster.topn5.3.qld.rm3,0.0632,tv computer television computer ,,,,,,,,,,,,,,,,,,,,,,,,,,,,,,,,,
121,sit and reach test ,0.0823,0,,,,,,,,,,,,,,,,,,,,,,,,,,,,,,,,,,,,,,,
122,culpeper national cemetery ,0.0102,0,,,,,,,,,,,,,,,,,,,,,,,,,,,,,,,,,,,,,,,
123,von willebrand disease ,0.2889,3,termluster.topn5.3.qld.rm3,0.3146,von willebrand disease bleed blood caus bleed blood caus women willebrand well ,thesaurus.topn3,0.2917,von willebrand disease    Cancer bug ,thesaurus.topn3.replace,0.2892,von willebrand  Cancer bug ,,,,,,,,,,,,,,,,,,,,,,,,,,,,,,
124,bowflex power pro ,0.0662,2,tagmee.topn3,0.0712,bowflex power pro Bowflex ,conceptluster.topn5.3.qld.rm3,0.0712,bowflex power pro bowflex ,,,,,,,,,,,,,,,,,,,,,,,,,,,,,,,,,
125,butter and margarine ,0.1335,0,,,,,,,,,,,,,,,,,,,,,,,,,,,,,,,,,,,,,,,
126,us capitol map ,0.002,4,thesaurus.topn3,0.1,us capitol map  America Columbia  center dome  design drawing ,thesaurus.topn3.replace,0.05, America Columbia  center dome  design drawing ,wordnet.topn3,0.0043,us capitol map uracil U uranium Capitol Building function map out ,docluster.topn10.3.qld.rm3,0.0029,us capitol map charl address washington ,,,,,,,,,,,,,,,,,,,,,,,,,,,
127,dutchess county tourism ,0.3224,0,,,,,,,,,,,,,,,,,,,,,,,,,,,,,,,,,,,,,,,
128,atypical squamous cells ,0.0728,5,thesaurus.topn3,0.1645,atypical squamous cells  abnormal anomalous   bacterium egg ,docluster.topn10.3.qld.rm3,0.1547,atypical squamous cells cell test ,sensedisambiguation,0.1516,atypical squamous cells cellular telephone ,termluster.topn5.3.qld.rm3,0.1427,atypical squamous cells unit tissu time biopsi cancer caus type treatment system ,sensedisambiguation.replace,0.1263,atypical squamous cellular telephone ,,,,,,,,,,,,,,,,,,,,,,,,
129,iowa food stamp program ,0.0013,5,tagmee.topn3,0.0028,iowa food stamp program Iowa Supplemental Nutrition Assistance Program ,conceptluster.topn5.3.qld.rm3,0.0028,iowa food stamp program supplemental nutrition assistance program iowa ,termluster.topn5.3.qld.rm3,0.0019,iowa food stamp program depart offic program depart food offic depart food offic ,relevancefeedback.topn10.qld.rm3,0.0017,iowa food stamp program depart state ,docluster.topn10.3.qld.rm3,0.0017,iowa food stamp program state depart ,,,,,,,,,,,,,,,,,,,,,,,,
130,fact on uranus ,0.2476,1,docluster.topn10.3.qld.rm3,0.2701,fact on uranus planet uranu interest ,,,,,,,,,,,,,,,,,,,,,,,,,,,,,,,,,,,,
131,equal opportunity employer ,0.0077,2,stem.porter2,0.012,equal opportun employ ,conceptnet.topn3,0.0103,equal opportunity employer math chance ,,,,,,,,,,,,,,,,,,,,,,,,,,,,,,,,,
132,mothers day songs ,0.0115,2,sensedisambiguation.replace,0.0953,mother day sung ,sensedisambiguation,0.0615,mothers mother day songs sung ,,,,,,,,,,,,,,,,,,,,,,,,,,,,,,,,,
133,all men are created equal ,0.0469,4,wiki.topn3,0.2036,men created equal life  liberty and thpursuit of happiness virginia declaration of rights an act for thgradual abolition of slavery All men are created equal ,termluster.topn5.3.qld.rm3,0.1854,men created equal american creat equal year state right american creat free ,wiki.topn3.replace,0.1778,life  liberty and thpursuit of happiness virginia declaration of rights an act for thgradual abolition of slavery All men are created equal ,stem.porter,0.0571,all men ar creat equal ,,,,,,,,,,,,,,,,,,,,,,,,,,,
134,electronic skeet shoot ,0.0015,3,wiki.topn3.replace,0.0209,spaccavern spacechase demon attack Skeet Shoot ,conceptnet.topn3.replace,0.0022,electronic skeet kill ,wiki.topn3,0.0019,electronic skeet shoot spaccavern spacechase demon attack Skeet Shoot ,,,,,,,,,,,,,,,,,,,,,,,,,,,,,,
135,source of the nile ,0.0018,0,,,,,,,,,,,,,,,,,,,,,,,,,,,,,,,,,,,,,,,
136,american military university ,0.0,0,,,,,,,,,,,,,,,,,,,,,,,,,,,,,,,,,,,,,,,
137,rock and gem shows ,0.1141,1,relevancefeedback.topn10.qld.rm3,0.1247,rock and gem shows show    miner ,,,,,,,,,,,,,,,,,,,,,,,,,,,,,,,,,,,,
138,jax chemical company ,0.0488,1,sensedisambiguation.replace,0.4821,jax chemical ship s company ,,,,,,,,,,,,,,,,,,,,,,,,,,,,,,,,,,,,
139,rocky mountain news ,0.0273,5,wiki.topn3.replace,0.1114,defunct newspapers of colorado thdenver post media in denver  colorado Rocky Mountain News ,wiki.topn3,0.1007,rocky mountain news defunct newspapers of colorado thdenver post media in denver  colorado Rocky Mountain News ,relevancefeedback.topn10.qld.rm3,0.0477,rocky mountain news rocki new ,sensedisambiguation,0.0327,rocky rough mountain news newsworthiness ,docluster.topn10.3.qld.rm3,0.0282,rocky mountain news rocki ,,,,,,,,,,,,,,,,,,,,,,,,
140,east ridge high school ,0.0,0,,,,,,,,,,,,,,,,,,,,,,,,,,,,,,,,,,,,,,,
141,va dmv registration ,0.0926,2,sensedisambiguation,0.1112,va virginia dmv registration ,sensedisambiguation.replace,0.1112,virginia dmv registration ,,,,,,,,,,,,,,,,,,,,,,,,,,,,,,,,,
142,illinois state tax ,0.0383,3,wiki.topn3,0.1132,illinois state tax illinois county seats in illinois chicago Illinois original jurisdiction resolution  law  united states administrativlaw State government standard deduction     k  clayton antitrust act Taxation in the United States ,tagmee.topn3,0.1036,illinois state tax Illinois State government Taxation in the United States ,conceptluster.topn5.3.qld.rm3,0.1036,illinois state tax taxation united states illinois state government ,,,,,,,,,,,,,,,,,,,,,,,,,,,,,,
143,arkadelphia health club ,0.0,0,,,,,,,,,,,,,,,,,,,,,,,,,,,,,,,,,,,,,,,
144,trombone for sale ,0.0511,1,conceptnet.topn3,0.0652,trombone sale discount price ,,,,,,,,,,,,,,,,,,,,,,,,,,,,,,,,,,,,
145,vines for shade ,0.1212,0,,,,,,,,,,,,,,,,,,,,,,,,,,,,,,,,,,,,,,,
146,sherwood regional library ,0.048,0,,,,,,,,,,,,,,,,,,,,,,,,,,,,,,,,,,,,,,,
147,tangible personal property tax ,0.2934,2,conceptluster.topn5.3.qld.rm3,0.3089,tangible personal property tax property tax personal property ,tagmee.topn3,0.3038,tangible personal property tax Personal property Property tax Property tax ,,,,,,,,,,,,,,,,,,,,,,,,,,,,,,,,,
148,martha stewart and imclone ,0.2111,6,glove.topn3,0.3089,martha stewart imclone stewart lehf campbell payne waksal genentech ,wiki.topn3,0.2803,martha stewart imclone money  magazine  amanda hesser brandweek Martha Stewart health maintenancorganization corporatraid pharmaceutical research and manufacturers of america ImClone Systems ,wiki.topn3.replace,0.2799,money  magazine  amanda hesser brandweek Martha Stewart health maintenancorganization corporatraid pharmaceutical research and manufacturers of america ImClone Systems ,stem.lovins,0.2681,marth stewart and imclon ,stem.paicehusk,0.2681,marth stewart and imclon ,glove.topn3.replace,0.2491,stewart lehf campbell payne waksal genentech ,,,,,,,,,,,,,,,,,,,,,
149,uplift at yellowstone national park ,0.2168,2,word2vec.topn3.replace,0.2661,uplift yosemite supervolcano super volcano regional international local parkland ,word2vec.topn3,0.243,uplift yellowstone national park yosemite supervolcano super volcano regional international local parkland ,,,,,,,,,,,,,,,,,,,,,,,,,,,,,,,,,
150,tn highway patrol ,0.0046,4,thesaurus.topn3,0.0076,tn highway patrol   artery avenue  garrison vigilance ,conceptnet.topn3,0.006,tn highway patrol Tennessee bn mtl ,sensedisambiguation,0.0051,tn tennessee highway patrol ,word2vec.topn3,0.0048,tn highway patrol mn Tn tennessee roadway road ,,,,,,,,,,,,,,,,,,,,,,,,,,,
151,   b ,0.0,7,docluster.topn10.3.qld.rm3,0.0765,   b plan contribut ,wiki.topn3,0.0438,   b     plan federal employees retirement system roth     k      b  ,word2vec.topn3,0.023,   b participant directed retirement savings ,relevancefeedback.topn10.qld.rm3,0.0142,   b plan roth loan contribut tax you ,wiki.topn3.replace,0.0136,    plan federal employees retirement system roth     k      b  ,termluster.topn5.3.qld.rm3,0.0123,   b account contribut distribut ,word2vec.topn3.replace,0.0014,participant directed retirement savings ,,,,,,,,,,,,,,,,,,
152,angular cheilitis ,0.0,0,,,,,,,,,,,,,,,,,,,,,,,,,,,,,,,,,,,,,,,
153,pocono ,0.3067,0,,,,,,,,,,,,,,,,,,,,,,,,,,,,,,,,,,,,,,,
154,figs ,0.0402,1,wordnet.topn3,0.1154,figs Ficus carica Libyan Islamic Fighting Group ,,,,,,,,,,,,,,,,,,,,,,,,,,,,,,,,,,,,
155,last supper painting ,0.2123,0,,,,,,,,,,,,,,,,,,,,,,,,,,,,,,,,,,,,,,,
156,university of phoenix ,0.0912,0,,,,,,,,,,,,,,,,,,,,,,,,,,,,,,,,,,,,,,,
157,the beatles rock band ,0.0619,11,tagmee.topn3,0.3767,beatles rock band The Beatles  album  The Beatles  Rock Band ,conceptluster.topn5.3.qld.rm3,0.3767,beatles rock band beatles   rock band beatles album ,relevancefeedback.topn10.qld.rm3,0.3655,the beatles rock band beatl ,tagmee.topn3.replace,0.2935,The Beatles  album  The Beatles  Rock Band ,glove.topn3,0.2268,beatles rock band lennon mccartney band pop album ,wiki.topn3,0.2089,beatles rock band a hard day s night  album  rubber soul pleaspleasme The Beatles  album  list of songs in thbeatles  rock band thbeatles  thoriginal studio recordings  thbeatles in mono The Beatles  Rock Band ,wiki.topn3.replace,0.1653,a hard day s night  album  rubber soul pleaspleasme The Beatles  album  list of songs in thbeatles  rock band thbeatles  thoriginal studio recordings  thbeatles in mono The Beatles  Rock Band ,glove.topn3.replace,0.1501,lennon mccartney band pop album ,sensedisambiguation,0.0962,the beatles rock band set ,stem.lovins,0.077,th beatl rock band ,sensedisambiguation.replace,0.0625,the beatles rock set ,,,,,,
158,septic system design ,0.4196,1,termluster.topn5.3.qld.rm3,0.4261,septic system design absorpt altern articl absorpt altern articl absorpt altern articl ,,,,,,,,,,,,,,,,,,,,,,,,,,,,,,,,,,,,
159,porterville ,0.3567,0,,,,,,,,,,,,,,,,,,,,,,,,,,,,,,,,,,,,,,,
160,grilling ,0.0146,2,wiki.topn3,0.0268,grilling seasoning deep frying condiment Grilling ,conceptnet.topn3,0.016,grilling cooking a good way too cook ,,,,,,,,,,,,,,,,,,,,,,,,,,,,,,,,,
161,furniture for small spaces ,0.0394,0,,,,,,,,,,,,,,,,,,,,,,,,,,,,,,,,,,,,,,,
162,dnr ,0.0183,1,conceptnet.topn3,0.1415,dnr medicine living will ,,,,,,,,,,,,,,,,,,,,,,,,,,,,,,,,,,,,
163,arkansas ,0.0309,3,conceptnet.topn3,0.1069,arkansas a state ,wordnet.topn3,0.0489,arkansas AR Arkansas River Land of Opportunity ,wiki.topn3,0.0411,arkansas arkansas oklahoma tennessee Arkansas ,,,,,,,,,,,,,,,,,,,,,,,,,,,,,,
164,hobby stores ,0.0347,0,,,,,,,,,,,,,,,,,,,,,,,,,,,,,,,,,,,,,,,
165,blue throated hummingbird ,0.0019,3,relevancefeedback.topn10.qld.rm3,0.0021,blue throated hummingbird genu imag ,sensedisambiguation,0.002,blue bluing throated hummingbird ,conceptnet.topn3.replace,0.002,color sky colour necked hummingbird ,,,,,,,,,,,,,,,,,,,,,,,,,,,,,,
166,computer programming ,0.003,2,word2vec.topn3,0.0082,computer programming software programmers ,sensedisambiguation,0.0031,computer programming program ,,,,,,,,,,,,,,,,,,,,,,,,,,,,,,,,,
167,barbados ,0.0197,2,wiki.topn3.replace,0.0922,islands of barbados barbados saint lucia Barbados ,wiki.topn3,0.0831,barbados islands of barbados barbados saint lucia Barbados ,,,,,,,,,,,,,,,,,,,,,,,,,,,,,,,,,
168,lipoma ,0.3293,0,,,,,,,,,,,,,,,,,,,,,,,,,,,,,,,,,,,,,,,
169,battles in the civil war ,0.0951,9,thesaurus.topn3.replace,0.2399, action assault civil  battle bloodshed ,termluster.topn5.3.qld.rm3,0.1763,battles civil war war union timelin american battl book american battl book ,stem.lovins,0.14300000000000002,battl in th civil war ,thesaurus.topn3,0.1294,battles civil war  action assault   battle bloodshed ,anchor.topn3.replace,0.1215,battles eforia ordinance  spitalelor war theori wars      jeanlucjosset ,word2vec.topn3,0.109,battles civil war skirmishes fights rights era civl conflict ,conceptnet.topn3,0.0955,battles civil war battle ,relevancefeedback.topn10.qld.rm3,0.0955,battles in the civil war battl ,docluster.topn10.3.qld.rm3,0.0955,battles in the civil war battl ,,,,,,,,,,,,
170,scooters ,0.0051,2,sensedisambiguation.replace,0.0398,water scooter ,sensedisambiguation,0.0121,scooters water scooter ,,,,,,,,,,,,,,,,,,,,,,,,,,,,,,,,,
171,ron howard ,0.1311,1,termluster.topn5.3.qld.rm3,0.1414,ron howard howard new profil new ron profil ,,,,,,,,,,,,,,,,,,,,,,,,,,,,,,,,,,,,
172,becoming a paralegal ,0.2704,0,,,,,,,,,,,,,,,,,,,,,,,,,,,,,,,,,,,,,,,
173,hip fractures ,0.3324,0,,,,,,,,,,,,,,,,,,,,,,,,,,,,,,,,,,,,,,,
174,rock art ,0.0176,4,wiki.topn3,0.1287,rock art cavpainting petroglyph caves containing pictograms Rock art ,wiki.topn3.replace,0.1193,cavpainting petroglyph caves containing pictograms Rock art ,sensedisambiguation,0.0387,rock art artwork ,conceptnet.topn3,0.0184,rock art music stone painting paint paintings ,,,,,,,,,,,,,,,,,,,,,,,,,,,
175,signs of a heartattack ,0.0323,8,termluster.topn5.3.qld.rm3,0.1002,signs heartattack warn treatment symptom attack heart symptom ,tagmee.topn3,0.0846,signs heartattack Medical sign Myocardial infarction ,conceptluster.topn5.3.qld.rm3,0.0846,signs heartattack myocardial infarction medical sign ,tagmee.topn3.replace,0.0792,Medical sign Myocardial infarction ,stem.trunc5,0.0745,signs of a heart ,docluster.topn10.3.qld.rm3,0.0605,signs of a heartattack heart ,glove.topn3,0.0526,signs heartattack indicating ,relevancefeedback.topn10.qld.rm3,0.0451,signs of a heartattack heart song ,,,,,,,,,,,,,,,
176,weather strip ,0.0004,4,tagmee.topn3.replace,0.5274,Weatherstripping ,tagmee.topn3,0.0905,weather strip Weatherstripping ,conceptluster.topn5.3.qld.rm3,0.0905,weather strip weatherstripping ,termluster.topn5.3.qld.rm3,0.0027,weather strip strip door weather door ,,,,,,,,,,,,,,,,,,,,,,,,,,,
177,best long term care insurance ,0.0174,6,sensedisambiguation,0.1185,best better long term terminus care concern insurance policy ,wordnet.topn3,0.118,best long term care insurance dear near skillful yearn tenacious full term terminal figure terminus wish forethought tending insurance policy indemnity ,stem.trunc4,0.0685,best long term care insu ,tagmee.topn3.replace,0.0319,Long term care insurance ,tagmee.topn3,0.0256,best long term care insurance Long term care insurance ,conceptluster.topn5.3.qld.rm3,0.0256,best long term care insurance long term care insurance ,,,,,,,,,,,,,,,,,,,,,
178,pork tenderloin ,0.0306,0,,,,,,,,,,,,,,,,,,,,,,,,,,,,,,,,,,,,,,,
179,black history ,0.0132,1,docluster.topn10.3.qld.rm3,0.023,black history histori ,,,,,,,,,,,,,,,,,,,,,,,,,,,,,,,,,,,,
180,newyork hotels ,0.0046,0,,,,,,,,,,,,,,,,,,,,,,,,,,,,,,,,,,,,,,,
181,old coins ,0.0136,3,anchor.topn3,0.0182,old coins neredmet old timonu  old ,anchor.topn3.replace,0.0158,neredmet old timonu  old coins ,conceptnet.topn3,0.0144,old coins age record ancient change money small metal disks ,,,,,,,,,,,,,,,,,,,,,,,,,,,,,,
182,quit smoking ,0.1285,0,,,,,,,,,,,,,,,,,,,,,,,,,,,,,,,,,,,,,,,
183,kansas city mo ,0.0047,12,wiki.topn3.replace,0.3018,kansas missouri nebraska Kansas cities in platte county  missouri cities in cass county  missouri cities in jackson county  missouri Kansas City  Missouri ,wiki.topn3,0.2578,kansas city mo kansas missouri nebraska Kansas cities in platte county  missouri cities in cass county  missouri cities in jackson county  missouri Kansas City  Missouri ,tagmee.topn3.replace,0.0883,Kansas Kansas City  Missouri ,wordnet.topn3.replace,0.0653,Sunflower State Kaw River metropolis urban center bit Show Me State minute ,conceptnet.topn3,0.0475,kansas city mo the United States Dodge City capital town Missouri molybdenum ,sensedisambiguation.replace,0.0313,kansa city moment ,tagmee.topn3,0.0258,kansas city mo Kansas Kansas City  Missouri ,conceptluster.topn5.3.qld.rm3,0.0258,kansas city mo kansas city missouri kansas ,wordnet.topn3,0.0182,kansas city mo Kaw River urban center metropolis bit Mo minute ,relevancefeedback.topn10.qld.rm3,0.0159,kansas city mo citi kansa ,sensedisambiguation,0.0073,kansas kansa city mo moment ,docluster.topn10.3.qld.rm3,0.0073,kansas city mo kansa ,,,
184,civil right movement ,0.1455,10,tagmee.topn3.replace,0.3365,Civil and political rights Freedom of movement ,wiki.topn3,0.2988,civil right movement rights civil liberties anti racism Civil and political rights united nations charter freedom of assembly territorial integrity Freedom of movement ,wiki.topn3.replace,0.231,rights civil liberties anti racism Civil and political rights united nations charter freedom of assembly territorial integrity Freedom of movement ,thesaurus.topn3,0.2263,civil right movement   appropriate good  act action ,tagmee.topn3,0.2085,civil right movement Civil and political rights Freedom of movement ,conceptluster.topn5.3.qld.rm3,0.2085,civil right movement freedom movement civil political rights ,termluster.topn5.3.qld.rm3,0.1929,civil right movement america book citi america book citi african american effect ,word2vec.topn3.replace,0.1857,rights era civl wrong right  movment ,word2vec.topn3,0.1765,civil right movement rights era civl wrong right  movment ,sensedisambiguation,0.1503,civil right right field movement drift ,,,,,,,,,
185,credit report ,0.0157,1,thesaurus.topn3,0.0198,credit report  attention acclaim  address announcement ,,,,,,,,,,,,,,,,,,,,,,,,,,,,,,,,,,,,
186,unc ,0.0497,2,anchor.topn3,0.1085,unc  unc   spartans   shore lij ,termluster.topn5.3.qld.rm3,0.1038,unc list state print ,,,,,,,,,,,,,,,,,,,,,,,,,,,,,,,,,
187,vanuatu ,0.1002,5,wordnet.topn3,0.3877,vanuatu Republic of Vanuatu New Hebrides ,wordnet.topn3.replace,0.371,New Hebrides Republic of Vanuatu ,wiki.topn3,0.287,vanuatu vanuatu samoa palau Vanuatu ,conceptnet.topn3,0.2868,vanuatu New Hebrides ,termluster.topn5.3.qld.rm3,0.1207,vanuatu c bc lone photo ,,,,,,,,,,,,,,,,,,,,,,,,
188,internet phone service ,0.0033,2,thesaurus.topn3,0.0038,internet phone service  WWW cyberspace  call up contact  account assistance ,sensedisambiguation,0.0037,internet phone telephone service servicing ,,,,,,,,,,,,,,,,,,,,,,,,,,,,,,,,,
189,gs pay rate ,0.0108,1,sensedisambiguation,0.0181,gs thousand pay wage rate ,,,,,,,,,,,,,,,,,,,,,,,,,,,,,,,,,,,,
190,brooks brothers clearance ,0.0894,2,relevancefeedback.topn10.qld.rm3,0.1794,brooks brothers clearance brook off cash brother coupon price ,docluster.topn10.3.qld.rm3,0.1441,brooks brothers clearance brook brother coupon ,,,,,,,,,,,,,,,,,,,,,,,,,,,,,,,,,
191,churchill downs ,0.0876,1,relevancefeedback.topn10.qld.rm3,0.0879,churchill downs churchil down derbi ,,,,,,,,,,,,,,,,,,,,,,,,,,,,,,,,,,,,
192,condos in florida ,0.0247,0,,,,,,,,,,,,,,,,,,,,,,,,,,,,,,,,,,,,,,,
193,dog clean up bags ,0.0825,0,,,,,,,,,,,,,,,,,,,,,,,,,,,,,,,,,,,,,,,
194,designer dog breeds ,0.8921,1,sensedisambiguation,0.8935,designer interior designer dog breeds breed ,,,,,,,,,,,,,,,,,,,,,,,,,,,,,,,,,,,,
195,pressure washers ,0.0096,0,,,,,,,,,,,,,,,,,,,,,,,,,,,,,,,,,,,,,,,
196,sore throat ,0.1866,0,,,,,,,,,,,,,,,,,,,,,,,,,,,,,,,,,,,,,,,
197,idaho state flower ,0.0263,10,wiki.topn3,0.1008,idaho state flower idaho montana montana Idaho john bellenden ker gawler magnolia campbellii list of tregenera Floral emblem ,wiki.topn3.replace,0.0833,idaho montana montana Idaho john bellenden ker gawler magnolia campbellii list of tregenera Floral emblem ,conceptnet.topn3,0.0821,idaho state flower ID United States plant An iris ,tagmee.topn3,0.0769,idaho state flower Idaho Floral emblem ,conceptluster.topn5.3.qld.rm3,0.0769,idaho state flower idaho floral emblem ,sensedisambiguation,0.0719,idaho state state of matter flower ,termluster.topn5.3.qld.rm3,0.0712,idaho state flower flower california mountain state california mountain ,wordnet.topn3,0.0663,idaho state flower Gem State ID tell land express flush efflorescence prime ,stem.trunc5,0.0561,idaho state flowe ,thesaurus.topn3,0.0545,idaho state flower   case accompaniment  blossom herb ,,,,,,,,,
198,indiana state fairgrounds ,0.1975,2,docluster.topn10.3.qld.rm3,0.2023,indiana state fairgrounds fairground skate ,relevancefeedback.topn10.qld.rm3,0.2007,indiana state fairgrounds fairground skate coliseum chapter live ,,,,,,,,,,,,,,,,,,,,,,,,,,,,,,,,,
199,fybromyalgia ,0.0148,4,tagmee.topn3.replace,0.2035,Fibromyalgia ,tagmee.topn3,0.2034,fybromyalgia Fibromyalgia ,conceptluster.topn5.3.qld.rm3,0.2034,fybromyalgia fibromyalgia ,wiki.topn3.replace,0.0326,urinary incontinence chronic pain comorbidity Fibromyalgia ,,,,,,,,,,,,,,,,,,,,,,,,,,,
200,ontario california airport ,0.1644,2,thesaurus.topn3,0.3036,ontario california airport   Bear Flag State Cal  airfield airstrip ,thesaurus.topn3.replace,0.2889,ontario  Bear Flag State Cal  airfield airstrip ,,,,,,,,,,,,,,,,,,,,,,,,,,,,,,,,,
