qid,abstractqueryexpansion,abstractqueryexpansion.bm25.map,star_model_count,method.1,metric.1,query.1,method.2,metric.2,query.2,method.3,metric.3,query.3,method.4,metric.4,query.4,method.5,metric.5,query.5,method.6,metric.6,query.6,method.7,metric.7,query.7,method.8,metric.8,query.8,method.9,metric.9,query.9,method.10,metric.10,query.10,method.11,metric.11,query.11,method.12,metric.12,query.12
1,obama family tree ,0.348,7,tagmee.topn3,0.4693,obama family tree Family of Barack Obama ,conceptluster.topn5.3.bm25,0.4693,obama family tree family barack obama ,termluster.topn5.3.bm25,0.4228,obama family tree barack famili tree tree post polit barack famili obama ,tagmee.topn3.replace,0.3842,Family of Barack Obama ,anchor.topn3,0.3767,obama family tree barack   obama strichnocera mekubetzet tree stern   s diatomic sequ ssm a   ,onfields.topn3.10.1.0.bm25,0.3667,"{'famili': 2, 'tree': 2, 'obama': 2, 'barack': 1.79, 'trivia': 1.677, '345': 1.161, 'suntim': 1.153, 'var': 1.145, 'hussein': 1.121, '000700': 1.04, 'sitelifeen': 1.04} ",conceptnet.topn3,0.3488,obama family tree Barack Hussein Obama home group branch squirrel wood ,,,,,,,,,,,,,,,
2,french lick resort and casino ,0.2565,3,tagmee.topn3,0.2687,french lick resort casino French Lick  Indiana French Lick Resort Casino Casino ,conceptluster.topn5.3.bm25,0.2687,french lick resort casino french lick indiana casino french lick resort casino ,tagmee.topn3.replace,0.266,French Lick  Indiana French Lick Resort Casino Casino ,,,,,,,,,,,,,,,,,,,,,,,,,,,
3,getting organized ,0.1262,0,,,,,,,,,,,,,,,,,,,,,,,,,,,,,,,,,,,,
4,toilet ,0.0588,0,,,,,,,,,,,,,,,,,,,,,,,,,,,,,,,,,,,,
5,mitchell college ,0.0075,1,docluster.topn10.3.bm25,0.0087,mitchell college mitchel busi student ,,,,,,,,,,,,,,,,,,,,,,,,,,,,,,,,,
6,kcs ,0.0024,1,bertqe.topn10.bm25,0.0249,"{'kcs': 1.5, 'kc inks  br  kc jazz': 1.0, ' br  kc daylights  br  kc': 1.0, 'kc mo  br  kc': 0.5714285714285714, 'kc sunshines  br ': 0.5714285714285714, 'kc us air force tanker': 0.2857142857142859} ",,,,,,,,,,,,,,,,,,,,,,,,,,,,,,,,,
7,air travel information ,0.1176,2,sensedisambiguation,0.1594,air air travel travel information ,sensedisambiguation.replace,0.1499,air travel travel information ,,,,,,,,,,,,,,,,,,,,,,,,,,,,,,
8,appraisals ,0.0117,0,,,,,,,,,,,,,,,,,,,,,,,,,,,,,,,,,,,,
9,used car parts ,0.0899,2,relevancefeedback.topn10.bm25,0.1091,used car parts part ,docluster.topn10.3.bm25,0.1091,used car parts part ,,,,,,,,,,,,,,,,,,,,,,,,,,,,,,
10,cheap internet ,0.0127,3,word2vec.topn3,0.0799,cheap internet inexpensive low cost online intenet ,word2vec.topn3.replace,0.0644,inexpensive low cost online intenet ,onfields.topn3.10.1.0.bm25,0.0401,"{'internet': 2, 'cheap': 2, 'host': 1.186, 'fast': 1.157, 'dial': 1.133, 'server': 1.094, 'speed': 1.076, 'dsl': 1.033, 'mcallen': 1.022, 'internetcheap': 1.012, 'servercheap': 1.008} ",,,,,,,,,,,,,,,,,,,,,,,,,,,
11,gmat prep classes ,0.2165,1,word2vec.topn3,0.228,gmat prep classes courses ,,,,,,,,,,,,,,,,,,,,,,,,,,,,,,,,,
12,djs ,0.0414,1,bertqe.topn10.bm25,0.0415,"{'djs': 1.5, 'dj johnathan peters dj dieselboy': 1.0, 'dj sledge hammer sunrise dj': 1.0, 'djs  tx  a   font   td   td   font size  1    hreflocalbusinessesdjsconvoyohios50html   convoy djs ': 1.0, 'djs  mi  a   font   td   tr   tr   td width50     font size  1    hreflocalbusinessesdjswest  20bloomfield  20hillsmichigans50html   west': 1.0, 'djs  mi  a   font   td   tr   tr   td width50     font size  1    hreflocalbusinessesdjscentallouisianas50html   cental': 1.0} ",,,,,,,,,,,,,,,,,,,,,,,,,,,,,,,,,
13,map ,0.0538,1,adaponfields.topn3.exgov2.4.0.25.10.1.0.bm25,0.0542,{'map': 2} ,,,,,,,,,,,,,,,,,,,,,,,,,,,,,,,,,
14,dinosaurs ,0.0428,0,,,,,,,,,,,,,,,,,,,,,,,,,,,,,,,,,,,,
15,espn sports ,0.2365,1,sensedisambiguation,0.2478,espn sports sport ,,,,,,,,,,,,,,,,,,,,,,,,,,,,,,,,,
16,arizona game and fish ,0.1855,2,tagmee.topn3,0.1873,arizona game fish Arizona Arizona Game and Fish Department Fish ,conceptluster.topn5.3.bm25,0.1873,arizona game fish arizona game fish department arizona fish ,,,,,,,,,,,,,,,,,,,,,,,,,,,,,,
17,poker tournaments ,0.0945,2,sensedisambiguation,0.097,poker tournaments tournament ,adaponfields.topn3.exgov2.4.0.25.10.1.0.bm25,0.0946,"{'tournament': 2, 'poker': 2, 'marginbottom0001pt': 2.0, 'msobidifontfamilytim': 2.0, 'msostylepar': 2.0, 'msofareastfontfamilytim': 2.0, 'msopaginationwidoworphan': 2.0, 'msostylenameomnipag': 1.966, 'margin0in': 1.862, 'fontsize60pt': 1.552, 'msobidifontsize100pt': 1.552, 'fontfamilyari': 1.552, 'fontfamilycg': 1.483} ",,,,,,,,,,,,,,,,,,,,,,,,,,,,,,
18,wedding budget calculator ,0.0739,0,,,,,,,,,,,,,,,,,,,,,,,,,,,,,,,,,,,,
19,the current ,0.0,0,,,,,,,,,,,,,,,,,,,,,,,,,,,,,,,,,,,,
20,defender ,0.0,0,,,,,,,,,,,,,,,,,,,,,,,,,,,,,,,,,,,,
21,volvo ,0.2776,0,,,,,,,,,,,,,,,,,,,,,,,,,,,,,,,,,,,,
22,rick warren ,0.3364,0,,,,,,,,,,,,,,,,,,,,,,,,,,,,,,,,,,,,
23,yahoo ,0.0046,3,wiki.topn3,0.0168,yahoo alibaba group websites by company companies based in sunnyvale  california Yahoo  ,wiki.topn3.replace,0.0142,alibaba group websites by company companies based in sunnyvale  california Yahoo  ,rm3.topn10.10.0.5.bm25,0.0057,yahoo messeng domain www chat com unlimit co launch briefcas ,,,,,,,,,,,,,,,,,,,,,,,,,,,
24,diversity ,0.0803,0,,,,,,,,,,,,,,,,,,,,,,,,,,,,,,,,,,,,
25,euclid ,0.1683,1,bertqe.topn10.bm25,0.3047,"{'euclid': 1.5, 'one euclid s accomplishments': 1.0, 'euclid meant ': 1.0, ' b  euclid  b  ancient greek': 0.5833333333333336, 'euclid active': 0.41666666666666674, 'euclid  i   boston  mass  1980    li': 0.41666666666666674} ",,,,,,,,,,,,,,,,,,,,,,,,,,,,,,,,,
26,lower heart rate ,0.0321,0,,,,,,,,,,,,,,,,,,,,,,,,,,,,,,,,,,,,
27,starbucks ,0.1008,0,,,,,,,,,,,,,,,,,,,,,,,,,,,,,,,,,,,,
28,inuyasha ,0.159,0,,,,,,,,,,,,,,,,,,,,,,,,,,,,,,,,,,,,
29,ps   games ,0.004,1,glove.topn3,0.0081,ps   games brmsg brnws     play ,,,,,,,,,,,,,,,,,,,,,,,,,,,,,,,,,
30,diabetes education ,0.1434,0,,,,,,,,,,,,,,,,,,,,,,,,,,,,,,,,,,,,
31,atari ,0.2841,0,,,,,,,,,,,,,,,,,,,,,,,,,,,,,,,,,,,,
32,website design hosting ,0.0358,1,docluster.topn10.3.bm25,0.0372,website design hosting host ,,,,,,,,,,,,,,,,,,,,,,,,,,,,,,,,,
33,elliptical trainer ,0.2905,5,sensedisambiguation,0.2936,elliptical elliptic trainer ,relevancefeedback.topn10.bm25,0.2936,elliptical trainer ellipt ,docluster.topn10.3.bm25,0.2936,elliptical trainer ellipt ,tagmee.topn3,0.2906,elliptical trainer Elliptical trainer ,conceptluster.topn5.3.bm25,0.2906,elliptical trainer elliptical trainer ,,,,,,,,,,,,,,,,,,,,,
34,cell phones ,0.0192,1,relevancefeedback.topn10.bm25,0.0208,cell phones phone ,,,,,,,,,,,,,,,,,,,,,,,,,,,,,,,,,
35,hoboken ,0.3284,0,,,,,,,,,,,,,,,,,,,,,,,,,,,,,,,,,,,,
36,gps ,0.0464,1,glove.topn3,0.0591,gps positioning navigation ,,,,,,,,,,,,,,,,,,,,,,,,,,,,,,,,,
37,pampered chef ,0.0426,1,sensedisambiguation,0.0441,pampered pamper chef ,,,,,,,,,,,,,,,,,,,,,,,,,,,,,,,,,
38,dogs for adoption ,0.0615,0,,,,,,,,,,,,,,,,,,,,,,,,,,,,,,,,,,,,
39,disneyland hotel ,0.0705,2,tagmee.topn3,0.0759,disneyland hotel Disneyland Hotel  California  ,conceptluster.topn5.3.bm25,0.0759,disneyland hotel disneyland hotel california ,,,,,,,,,,,,,,,,,,,,,,,,,,,,,,
40,michworks ,0.0397,4,docluster.topn10.3.bm25,0.0623,michworks counti ,rm3.topn10.10.0.5.bm25,0.0538,bank aol calhoun michigan mountain mi counti michwork bike trail employ ,relevancefeedback.topn10.bm25,0.045,michworks michigan bike search counti work ,bertqe.topn10.bm25,0.0431,"{'michworks': 1.5, 'michworks org  a   li   li  ': 1.0, 'http  wwwmichworksorgmtbusermtbemplentrymainpage  detroit free press  http  wwwfreepcomindexhtm  br  http  wwwlakesareachambercomemploymentasp  p   p  kalamazoost ': 1.0, 'wwwmichigan talent bank  http wwwmichworksorg ': 0.75, ' li   href  kwwmichworksorg   wwmichworksorg  a   li   li ': 0.5, 'rel  prev   wwwmichworkscom  a   td   td style  textalign  center  ': 0.5} ",,,,,,,,,,,,,,,,,,,,,,,,
41,orange county convention center ,0.147,1,onfields.topn3.10.1.0.bm25,0.1523,"{'center': 2, 'counti': 2, 'orang': 2, 'convent': 2, 'orlando': 1.86, 'positionabsolut': 1.166, 'visibilityhidden': 1.127, 'norepeat': 1.096, 'displaynon': 1.089, 'width143px': 1.076, 'stylepositionabsolut': 1.076, 'textalignright': 1.076, 'margin6px': 1.076, 'classpromo': 1.076} ",,,,,,,,,,,,,,,,,,,,,,,,,,,,,,,,,
42,the music man ,0.0068,1,sensedisambiguation,0.0084,the music man world ,,,,,,,,,,,,,,,,,,,,,,,,,,,,,,,,,
43,the secret garden ,0.2561,2,wiki.topn3,0.3951,secret garden novels by frances hodgson burnett littlwomen thchristmas miraclof jonathan toomey The Secret Garden ,wiki.topn3.replace,0.3002,novels by frances hodgson burnett littlwomen thchristmas miraclof jonathan toomey The Secret Garden ,,,,,,,,,,,,,,,,,,,,,,,,,,,,,,
44,map of the united states ,0.0337,2,bertqe.topn10.bm25,0.0444,"{'map of the united states': 1.5, 'map united states ': 1.0, 'united states map america': 0.6, 'maps united states ': 0.3999999999999999, 'map united states': 0.3999999999999999, 'map states  united 1830 ': 0.0} ",onfields.topn3.10.1.0.bm25,0.0362,"{'the': 2, 'of': 2, 'state': 2, 'unit': 2, 'map': 2, 'index': 1.307, 'calendar': 1.305, 'event': 1.155, 'mapoftheunitedst': 1.021, 'storycont': 1.012, 'anniesfamouscooki': 1.012, 'storywrap': 1.012, 'datecomrap': 1.012} ",,,,,,,,,,,,,,,,,,,,,,,,,,,,,,
45,solar panels ,0.1548,3,sensedisambiguation,0.1557,solar panels panel ,relevancefeedback.topn10.bm25,0.1557,solar panels panel ,docluster.topn10.3.bm25,0.1557,solar panels panel ,,,,,,,,,,,,,,,,,,,,,,,,,,,
46,alexian brothers hospital ,0.3277,0,,,,,,,,,,,,,,,,,,,,,,,,,,,,,,,,,,,,
47,indexed annuity ,0.1705,2,sensedisambiguation,0.2055,indexed index annuity ,onfields.topn3.10.1.0.bm25,0.201,"{'index': 2, 'annuiti': 2, 'rate': 1.496, 'interest': 1.306, 'eia': 1.269, 'fix': 1.231, 'equityindex': 1.223, 'guarante': 1.157, 'surrend': 1.149, 'indexlink': 1.091, 'equiti': 1.0} ",,,,,,,,,,,,,,,,,,,,,,,,,,,,,,
48,wilson antenna ,0.0341,2,relevancefeedback.topn10.bm25,0.1221,wilson antenna cb ,thesaurus.topn3,0.0459,wilson antenna   receiver wire ,,,,,,,,,,,,,,,,,,,,,,,,,,,,,,
49,flame designs ,0.2379,1,docluster.topn10.3.bm25,0.3521,flame designs clipart ,,,,,,,,,,,,,,,,,,,,,,,,,,,,,,,,,
50,dog heat ,0.0244,0,,,,,,,,,,,,,,,,,,,,,,,,,,,,,,,,,,,,
51,horse hooves ,0.2266,1,wordnet.topn3,0.258,horse hooves cavalry knight hoof ,,,,,,,,,,,,,,,,,,,,,,,,,,,,,,,,,
52,avp ,0.1492,3,bertqe.topn10.bm25,0.4213,"{'avp': 1.5, 'avp organization': 1.0, 'volleyball professionals  avp   font   b   p   p': 0.8260869565217391, 'volleyball professionals  avp   title   meta': 0.4347826086956521, 'avp  avp code 18 ': 0.08695652173913021, 'avp  avp code 76 ': 0.08695652173913021} ",tagmee.topn3,0.1748,avp Association of Volleyball Professionals ,conceptluster.topn5.3.bm25,0.1748,avp association volleyball professionals ,,,,,,,,,,,,,,,,,,,,,,,,,,,
53,discovery channel store ,0.1063,0,,,,,,,,,,,,,,,,,,,,,,,,,,,,,,,,,,,,
54,president of the united states ,0.1947,0,,,,,,,,,,,,,,,,,,,,,,,,,,,,,,,,,,,,
55,iron ,0.0875,0,,,,,,,,,,,,,,,,,,,,,,,,,,,,,,,,,,,,
56,uss yorktown charleston sc ,0.0194,7,adaponfields.topn3.exgov2.4.0.25.10.1.0.bm25,0.1093,"{'sc': 2, 'charleston': 2, 'uss': 2, 'yorktown': 2, 'brown': 1.73, 'carrier': 1.676, 'congressman': 1.676, 'aircraft': 1.459, 'naval': 1.351, 'patriot': 1.324, 'essex': 1.297, 'cv10': 1.135, '19221946': 1.054} ",bertqe.topn10.bm25,0.094,"{'uss yorktown charleston sc': 1.5, 'uss yorktown charleston sc  br ': 1.0, ' br  uss yorktown museum charleston': 0.9310344827586207, 'yorktown aircraft carrier charleston sc': 0.896551724137931, 'yorktown charleston south carolina': 0.8620689655172414, ' br  uss yorktown charleston tour': 0.793103448275862} ",tagmee.topn3.replace,0.0743,USS Yorktown  CV     Charleston  South Carolina ,tagmee.topn3,0.0613,uss yorktown charleston sc USS Yorktown  CV     Charleston  South Carolina ,conceptluster.topn5.3.bm25,0.0613,uss yorktown charleston sc charleston south carolina uss yorktown cv    ,rm3.topn10.10.0.5.bm25,0.0433,patriot histor museum aircraft navi charleston uss yorktown sc carolina ,relevancefeedback.topn10.bm25,0.0373,uss yorktown charleston sc aircraft program pleasant carolina museum navi fort ,,,,,,,,,,,,,,,
57,ct jobs ,0.2348,1,docluster.topn10.3.bm25,0.2355,ct jobs job ,,,,,,,,,,,,,,,,,,,,,,,,,,,,,,,,,
58,penguins ,0.08,0,,,,,,,,,,,,,,,,,,,,,,,,,,,,,,,,,,,,
59,how to build a fence ,0.0207,2,relevancefeedback.topn10.bm25,0.0219,how to build a fence fenc ,docluster.topn10.3.bm25,0.0219,how to build a fence fenc ,,,,,,,,,,,,,,,,,,,,,,,,,,,,,,
60,bellevue ,0.1591,0,,,,,,,,,,,,,,,,,,,,,,,,,,,,,,,,,,,,
61,worm ,0.0366,0,,,,,,,,,,,,,,,,,,,,,,,,,,,,,,,,,,,,
62,texas border patrol ,0.3732,6,tagmee.topn3.replace,0.4629,Texas United States Border Patrol ,tagmee.topn3,0.4372,texas border patrol Texas United States Border Patrol ,conceptluster.topn5.3.bm25,0.4372,texas border patrol united states border patrol texas ,wiki.topn3,0.4227,texas border patrol texas states of the confederate states of america louisiana Texas united states border patrol el paso intelligenccenter u s  customs and border protection United States Border Patrol ,wiki.topn3.replace,0.4145,texas states of the confederate states of america louisiana Texas united states border patrol el paso intelligenccenter u s  customs and border protection United States Border Patrol ,adaponfields.topn3.exgov2.4.0.25.10.1.0.bm25,0.3963,"{'texa': 2, 'border': 2, 'in': 2.0, 'patrol': 2, 'agent': 1.368, 'rio': 1.087, 'sector': 1.07, 'inspector': 1.062, 'glynco': 1.022, 'kirpnick': 1.016, 'panchison': 1.012} ",,,,,,,,,,,,,,,,,,
63,flushing ,0.1089,3,tagmee.topn3,0.1769,flushing Flushing  Queens ,conceptluster.topn5.3.bm25,0.1769,flushing flushing queens ,tagmee.topn3.replace,0.1406,Flushing  Queens ,,,,,,,,,,,,,,,,,,,,,,,,,,,
64,moths ,0.1153,0,,,,,,,,,,,,,,,,,,,,,,,,,,,,,,,,,,,,
65,korean language ,0.2277,1,glove.topn3,0.349,korean language korea word ,,,,,,,,,,,,,,,,,,,,,,,,,,,,,,,,,
66,income tax return online ,0.003,0,,,,,,,,,,,,,,,,,,,,,,,,,,,,,,,,,,,,
67,vldl levels ,0.1303,5,bertqe.topn10.bm25,0.1861,"{'vldl levels': 1.5, 'reasons high vldl levels': 1.0, 'vldl levels  li   li  abnormally low': 0.888888888888889, ' 03 bvldl detected': 0.888888888888889, 'vldl apob100 ps increased': 0.6666666666666667, 'vldl apob100 subjects': 0.6666666666666667} ",stem.trunc4,0.1803,vldl leve ,tagmee.topn3,0.1673,vldl levels Very low density lipoprotein ,conceptluster.topn5.3.bm25,0.1657,vldl levels low density lipoprotein ,sensedisambiguation,0.1526,vldl very low density lipoprotein levels level ,,,,,,,,,,,,,,,,,,,,,
68,pvc ,0.0534,5,docluster.topn10.3.bm25,0.1372,pvc pipe ,tagmee.topn3,0.087,pvc Polyvinyl chloride ,conceptluster.topn5.3.bm25,0.087,pvc polyvinyl chloride ,wordnet.topn3,0.0861,pvc polyvinyl chloride premature ventricular contraction ,wordnet.topn3.replace,0.0828,polyvinyl chloride premature ventricular contraction ,,,,,,,,,,,,,,,,,,,,,
69,sewing instructions ,0.1198,2,docluster.topn10.3.bm25,0.1804,sewing instructions sew ,bertqe.topn10.bm25,0.1323,"{'sewing instructions': 1.5, 'sewing instruction  instructions': 1.0, 'sewing instructions make': 0.4761904761904763, 'make sewing instruction': 0.4761904761904763, 'basic sewing instructions  font   p   p    p ': 0.4285714285714286, 'instructions beginners sewing': 0.23809523809523814} ",,,,,,,,,,,,,,,,,,,,,,,,,,,,,,
70,to be or not to be that is the question ,0.0,0,,,,,,,,,,,,,,,,,,,,,,,,,,,,,,,,,,,,
71,living in india ,0.0047,2,tagmee.topn3,0.011,living india India ,conceptluster.topn5.3.bm25,0.011,living india india ,,,,,,,,,,,,,,,,,,,,,,,,,,,,,,
72,the sun ,0.0007,2,thesaurus.topn3,0.0416,sun  star sunlight ,thesaurus.topn3.replace,0.0154, star sunlight ,,,,,,,,,,,,,,,,,,,,,,,,,,,,,,
73,neil young ,0.2316,0,,,,,,,,,,,,,,,,,,,,,,,,,,,,,,,,,,,,
74,kiwi ,0.0173,3,word2vec.topn3,0.0426,kiwi kiwifruit ,wordnet.topn3,0.0365,kiwi Actinidia deliciosa kiwi fruit ,word2vec.topn3.replace,0.0303,kiwifruit ,,,,,,,,,,,,,,,,,,,,,,,,,,,
75,tornadoes ,0.3511,0,,,,,,,,,,,,,,,,,,,,,,,,,,,,,,,,,,,,
76,raised gardens ,0.268,0,,,,,,,,,,,,,,,,,,,,,,,,,,,,,,,,,,,,
77,bobcat ,0.0369,0,,,,,,,,,,,,,,,,,,,,,,,,,,,,,,,,,,,,
78,dieting ,0.0027,2,wiki.topn3,0.0038,dieting food faddism junk food macrobiotic diet Dieting ,wiki.topn3.replace,0.0033,food faddism junk food macrobiotic diet Dieting ,,,,,,,,,,,,,,,,,,,,,,,,,,,,,,
79,voyager ,0.0476,6,wiki.topn3,0.1848,voyager missions to uranus missions to neptune missions to saturn Voyager program ,wiki.topn3.replace,0.1552,missions to uranus missions to neptune missions to saturn Voyager program ,tagmee.topn3,0.14400000000000002,voyager Voyager program ,conceptluster.topn5.3.bm25,0.14400000000000002,voyager voyager program ,bertqe.topn10.bm25,0.1292,"{'voyager': 1.5, 'voyager 1 voyager 2  br ': 1.0, 'content  texthtml  charsetutf8     title  voyager ': 1.0, 'voyager 510usb  br  star trek': 0.7499999999999998, 'voyager 2091  br  voyager earth': 0.7499999999999998, 'voyager mission': 0.7499999999999998} ",tagmee.topn3.replace,0.0726,Voyager program ,,,,,,,,,,,,,,,,,,
80,keyboard reviews ,0.1716,0,,,,,,,,,,,,,,,,,,,,,,,,,,,,,,,,,,,,
81,afghanistan ,0.0513,1,bertqe.topn10.bm25,0.0514,"{'afghanistan': 1.5, 'afghanistan  td   td   nbsp   td   tr   tr   td  hamidullah': 1.0, 'afghanistan  td   td   nbsp   td   tr   tr   td  akhtar': 1.0, 'afghanistan  td   td   nbsp   td   tr   tr   td  zahor ': 0.49999999999999956, 'afghanistan  td   td   nbsp   td   tr   tr   td  mirmuhammad ': 0.49999999999999956, 'afghanistan  td   td   nbsp   td   tr   tr   td  muslimdost ': 0.49999999999999956} ",,,,,,,,,,,,,,,,,,,,,,,,,,,,,,,,,
82,joints ,0.0453,0,,,,,,,,,,,,,,,,,,,,,,,,,,,,,,,,,,,,
83,memory ,0.0,7,glove.topn3,0.0285,memory remembering ,conceptnet.topn3,0.0159,memory remembering something brain ,wordnet.topn3,0.0131,memory retentivity remembering computer storage ,conceptnet.topn3.replace,0.0069,remembering something brain ,wordnet.topn3.replace,0.0063,remembering computer storage store ,word2vec.topn3,0.0003,memory recollection ,glove.topn3.replace,0.0001,remembering ,,,,,,,,,,,,,,,
84,continental plates ,0.3671,2,sensedisambiguation,0.3937,continental plates plate ,docluster.topn10.3.bm25,0.3937,continental plates plate ,,,,,,,,,,,,,,,,,,,,,,,,,,,,,,
85,milwaukee journal sentinel ,0.063,0,,,,,,,,,,,,,,,,,,,,,,,,,,,,,,,,,,,,
86,bart sf ,0.3720000000000001,1,onfields.topn3.10.1.0.bm25,0.3781,"{'bart': 2, 'sf': 2, 'oakland': 1.95, 'var': 1.533, 'fals': 1.183, 'concordmartinez': 1.117, 'coliseumoakland': 1.117, 'pittsburgbay': 1.117, 'addr1flag': 1.083, 'documentquickplannerdestvalu': 1.083, 'addr2flag': 1.083} ",,,,,,,,,,,,,,,,,,,,,,,,,,,,,,,,,
87,who invented music ,0.0248,3,tagmee.topn3,0.0522,invented music The Who The Music ,conceptnet.topn3,0.0408,invented music fictional dance record rock ,conceptluster.topn5.3.bm25,0.0323,invented music music ,,,,,,,,,,,,,,,,,,,,,,,,,,,
88,forearm pain ,0.1686,0,,,,,,,,,,,,,,,,,,,,,,,,,,,,,,,,,,,,
89,ocd ,0.2337,1,bertqe.topn10.bm25,0.2364,"{'ocd': 1.5, 'relnofollow  ocd  disambiguation   a   br   img srchttp  imgtfdcomtab32gif   href  ocda   ocda  a   br   img srchttp  imgtfdcomtab32gif  ': 1.0, ' li  ocd  href  ocddsmphp   psychiatric': 0.6875, ' ocd  psychiatric condition ': 0.5000000000000001, 'originalurl  http  acronymsthefreedictionarycomocd   googlepageurloriginalurl  googlelanguage   en  ': 0.43750000000000006, 'ocd   href  therapyphp  ': 0.1875000000000001} ",,,,,,,,,,,,,,,,,,,,,,,,,,,,,,,,,
90,mgb ,0.0916,6,onfields.topn3.10.1.0.bm25,0.185,"{'mg': 2.0, 'mgb': 2, 'v8': 1.267, '5speed': 1.124, 'midget': 1.081, 'v8t5': 1.051, '215t5': 1.037, 'mgbrover': 1.036, 'mgbbuick': 1.031, 'v6t5': 1.026, 'efit5': 1.025} ",rm3.topn10.10.0.5.bm25,0.1695,t  v  mgb ford car midget mg rover     mga ,docluster.topn10.3.bm25,0.1058,mgb   v   sp mg ,relevancefeedback.topn10.bm25,0.0972,mgb v   sp   mg mga report ,termluster.topn5.3.bm25,0.0928,mgb car contact ,bertqe.topn10.bm25,0.0917,"{'mgb': 1.5, 'mgb  olds 215   br   br   td   td   nbsp ': 1.0, 'mgb corey farley  humour   br ': 1.0, 'mgb meansian pender  br  nothing funny': 0.5, 'mgbsrichard miller  br  limited edition': 0.5, 'mgb mgb mgb  a   br   b    b  ': 0.5} ",,,,,,,,,,,,,,,,,,
91,er tv show ,0.0927,3,tagmee.topn3,0.1288,er tv show ER  TV series  ER  TV series  Television program ,conceptluster.topn5.3.bm25,0.1184,er tv show er tv series television program ,tagmee.topn3.replace,0.1066,ER  TV series  ER  TV series  Television program ,,,,,,,,,,,,,,,,,,,,,,,,,,,
92,the wall ,0.0004,2,word2vec.topn3,0.0014,wall wall  brick ,word2vec.topn3.replace,0.0005,wall  brick ,,,,,,,,,,,,,,,,,,,,,,,,,,,,,,
93,raffles ,0.0474,0,,,,,,,,,,,,,,,,,,,,,,,,,,,,,,,,,,,,
94,titan ,0.0103,0,,,,,,,,,,,,,,,,,,,,,,,,,,,,,,,,,,,,
95,earn money at home ,,0,,,,,,,,,,,,,,,,,,,,,,,,,,,,,,,,,,,,
96,rice ,0.0932,1,termluster.topn5.3.bm25,0.1159,rice recip ,,,,,,,,,,,,,,,,,,,,,,,,,,,,,,,,,
97,south africa ,0.0248,0,,,,,,,,,,,,,,,,,,,,,,,,,,,,,,,,,,,,
98,sat ,0.0708,0,,,,,,,,,,,,,,,,,,,,,,,,,,,,,,,,,,,,
99,satellite ,0.0168,1,glove.topn3,0.0246,satellite launch ,,,,,,,,,,,,,,,,,,,,,,,,,,,,,,,,,
100,rincon puerto rico ,,0,,,,,,,,,,,,,,,,,,,,,,,,,,,,,,,,,,,,
101,ritz carlton lake las vegas ,0.0942,2,stem.trunc5,0.123,ritz carlt lake las vegas ,anchor.topn3,0.098,ritz carlton lake las vegas iż żgħira calender van  gunnison  kalausa halawet spreyton  yanama yungay  lake landslid       ,,,,,,,,,,,,,,,,,,,,,,,,,,,,,,
102,fickle creek farm ,0.0015,2,docluster.topn10.3.bm25,0.0038,fickle creek farm local ,onfields.topn3.10.1.0.bm25,0.0017,"{'creek': 2, 'fickl': 2, 'farm': 2, 'duke': 1.96, 'dinner': 1.72, 'wine': 1.48, 'var': 1.36, 'lantern': 1.2, 'locavor': 1.12, 'sixcours': 1.12, 'coowner': 1.08, 'greyentri': 1.0} ",,,,,,,,,,,,,,,,,,,,,,,,,,,,,,
103,madam cj walker ,0.068,7,tagmee.topn3.replace,0.2473,Madam C  J  Walker ,rm3.topn10.10.0.5.bm25,0.1068,inventor goal paul madem award shampoo black cj madam walker ,tagmee.topn3,0.0978,madam cj walker Madam C  J  Walker ,conceptluster.topn5.3.bm25,0.0978,madam cj walker madam c  j  walker ,thesaurus.topn3,0.0819,madam cj walker  madame Frau   hiker pedestrian ,wiki.topn3,0.0817,madam cj walker my bondagand my freedom negro academy legal rights association Madam C  J  Walker ,termluster.topn5.3.bm25,0.0712,madam cj walker walker first paul madam first paul ,,,,,,,,,,,,,,,
104,indiana child support ,0.0442,0,,,,,,,,,,,,,,,,,,,,,,,,,,,,,,,,,,,,
105,sonoma county medical services ,0.1416,2,docluster.topn10.3.bm25,0.1548,sonoma county medical services health counti ,sensedisambiguation,0.1507,sonoma county medical services servicing ,,,,,,,,,,,,,,,,,,,,,,,,,,,,,,
106,universal animal cuts reviews ,0.0264,2,rm3.topn10.10.0.5.bm25,0.1004,univers autobot diet stak supplement review cut transform    fat nutrit anim ,docluster.topn10.3.bm25,0.0619,universal animal cuts reviews i nutrit cut you ,,,,,,,,,,,,,,,,,,,,,,,,,,,,,,
107,cass county missouri ,0.18600000000000005,3,anchor.topn3,0.2446,cass county missouri pokagon  elsmerensi wabedo missouri histori missouri educ missouri economi ,tagmee.topn3.replace,0.1861,Cass County  Missouri Cass County  Missouri ,conceptluster.topn5.3.bm25,0.1861,cass county missouri cass county missouri ,,,,,,,,,,,,,,,,,,,,,,,,,,,
108,ralph owen brewster ,0.5202,0,,,,,,,,,,,,,,,,,,,,,,,,,,,,,,,,,,,,
109,mayo clinic jacksonville fl ,0.0021,7,onfields.topn3.10.1.0.bm25,0.0047,"{'clinic': 2, 'fl': 2, 'mayo': 2, 'jacksonvil': 2, 'job': 2.0, 'nurs': 1.283, 'arizona': 1.226, 'az': 1.214, 'minnesota': 1.188, 'mn': 1.181, 'transplant': 1.061, 'var': 1.031} ",tagmee.topn3.replace,0.0036,Mayo Clinic Jacksonville  Florida ,thesaurus.topn3,0.0031,mayo clinic jacksonville fl   hospital dispensary   ,tagmee.topn3,0.0031,mayo clinic jacksonville fl Mayo Clinic Jacksonville  Florida ,conceptluster.topn5.3.bm25,0.0031,mayo clinic jacksonville fl jacksonville florida mayo clinic ,termluster.topn5.3.bm25,0.0027,mayo clinic jacksonville fl clinic jacksonvil florida jacksonvil mayo florida room mayo florida ,adaponfields.topn3.exgov2.4.0.25.10.1.0.bm25,0.0026,"{'jacksonvil': 2, 'clinic': 2, 'mayo': 2, 'fl': 2, 'health': 1.557, 'center': 1.363, 'ave': 1.27, 'depart': 1.268, 'ohrp': 1.068, 'okeechobe': 1.019, 'counti': 1.0} ",,,,,,,,,,,,,,,
110,map of brazil ,0.064,0,,,,,,,,,,,,,,,,,,,,,,,,,,,,,,,,,,,,
111,lymphoma in dogs ,0.345,1,bertqe.topn10.bm25,0.3466,"{'lymphoma in dogs': 1.5, 'dogs  br   br  lymphoma  lymphosarcoma nonhodgkin s lymphoma ': 1.0, 'lymphoma dog  div   div ': 0.5555555555555556, 'dogs  canine lymphoma  lymphosarcoma': 0.4444444444444444, 'dogs   edit  a    span   span class  mwheadline   lymphoma': 0.33333333333333337, 'name  lymphomaindogs  id  lymphomaindogs    a   p   h2   span class  editsection     href  windexphp  titlelymphomainanimals  amp  actionedit  amp  section1 ': 0.33333333333333337} ",,,,,,,,,,,,,,,,,,,,,,,,,,,,,,,,,
112,kenmore gas water heater ,0.0,0,,,,,,,,,,,,,,,,,,,,,,,,,,,,,,,,,,,,
113,hp mini      ,0.0008,4,bertqe.topn10.bm25,0.0063,"{'hp mini 2140': 1.5, 'mini 2140  a    href  http  wwwitechnewsnettaghpmininote2140  rel  tag   hp': 1, 'hp mini 2140 integrates innovative': 1, '2140  a    href  http  wwwmydigitallifeinfo20090108newhpmini2140notebookpcfeaturing101scratchresistanthpillumiliteleddisplay  title    hp': 1, 'mininote 2140  a    href  http  wwwitechnewsnettaghpnetbook  rel  tag   hp': 1, '2140 available  a    href  http  wwwmydigitallifeinfo20090108newhpmini2140notebookpcfeaturing101scratchresistanthpillumiliteleddisplay ': 1} ",termluster.topn5.3.bm25,0.0046,hp mini      new review netbook ,onfields.topn3.10.1.0.bm25,0.0022,"{'2140': 2, 'mini': 2, 'hp': 2, '1000': 1.365, 'mininot': 1.27, 'netbook': 1.257, '2133': 1.183, 'eee': 1.106, 'asu': 1.102, 'vivienn': 1.083, 'cpu': 1.068, 'c7m': 1.046} ",adaponfields.topn3.exgov2.4.0.25.10.1.0.bm25,0.0018,"{'2140': 2, 'mini': 2, 'hp': 2, 'nvlap': 2.0, 'accredit': 1.75, 'dosimet': 1.464, 'nvlapnistgov': 1.286, '16c': 1.25, '50a2140': 1.214, '9754016': 1.143, 'hps1332': 1.107, '50a1145': 1.107, 'xtermin': 1.071, 'dosimetri': 1.0} ",,,,,,,,,,,,,,,,,,,,,,,,
114,adobe indian houses ,0.02,2,bertqe.topn10.bm25,0.1306,"{'adobe indian houses': 1.5, 'home indian adobe': 1.0, 'adobe house complexes ancestors': 0.9481481481481483, 'pueblos  a   b   i   font   br   br  adobe houses': 0.8962962962962964, 'src  woodbeadgif      u   name  pueblo   adobe houses  a   u   i   h3   b  adobe houses  b ': 0.8666666666666667, 'american indian houses': 0.8} ",wiki.topn3,0.0264,adobe indian houses buildings and structures by construction material adobe buildings and structures pueblos Adobe indigenous peoples in the united states native american topics native american history Native Americans in the United States houses residential area building House ,,,,,,,,,,,,,,,,,,,,,,,,,,,,,,
115,pacific northwest laboratory ,0.1256,1,termluster.topn5.3.bm25,0.25,pacific northwest laboratory washington view system laboratori nation pacif washington view system ,,,,,,,,,,,,,,,,,,,,,,,,,,,,,,,,,
116,california franchise tax board ,0.1485,0,,,,,,,,,,,,,,,,,,,,,,,,,,,,,,,,,,,,
117,dangers of asbestos ,0.1452,3,relevancefeedback.topn10.bm25,0.1642,dangers of asbestos asbesto ,docluster.topn10.3.bm25,0.1642,dangers of asbestos asbesto ,onfields.topn3.10.1.0.bm25,0.1564,"{'of': 2, 'danger': 2, 'asbesto': 2, 'mesothelioma': 1.372, 'that': 1.324, 'diseas': 1.223, 'zoom': 1.149, 'lung': 1.122, 'diagnos': 1.122, 'asbestosrel': 1.064, 'pub9444658407288485': 1.021, 'googleadcli': 1.021} ",,,,,,,,,,,,,,,,,,,,,,,,,,,
118,poem in your pocket day ,0.129,0,,,,,,,,,,,,,,,,,,,,,,,,,,,,,,,,,,,,
119,interview thank you ,0.1357,0,,,,,,,,,,,,,,,,,,,,,,,,,,,,,,,,,,,,
120,tv on computer ,0.0367,3,tagmee.topn3,0.1318,tv computer Television Computer ,conceptluster.topn5.3.bm25,0.1318,tv computer television computer ,glove.topn3,0.0403,tv computer television broadcast software ,,,,,,,,,,,,,,,,,,,,,,,,,,,
121,sit and reach test ,0.1183,1,termluster.topn5.3.bm25,0.1189,sit reach test measur reach test measur sit test measur reach sit ,,,,,,,,,,,,,,,,,,,,,,,,,,,,,,,,,
122,culpeper national cemetery ,0.1238,1,anchor.topn3,0.24,culpeper national cemetery sozialisten national noodzaak paris  span  ,,,,,,,,,,,,,,,,,,,,,,,,,,,,,,,,,
123,von willebrand disease ,0.2491,1,termluster.topn5.3.bm25,0.2497,von willebrand disease blood caus diseas blood caus diseas willebrand von type ,,,,,,,,,,,,,,,,,,,,,,,,,,,,,,,,,
124,bowflex power pro ,0.0549,3,tagmee.topn3,0.07,bowflex power pro Bowflex ,conceptluster.topn5.3.bm25,0.07,bowflex power pro bowflex ,bertqe.topn10.bm25,0.068,"{'bowflex power pro': 1, 'bowflex xtlu power pro ': 1, 'pro bowflex power xtl  br ': 1, 'bowflex schwinn xlt power pro': 1, 'bowflex power pro xl  xtl': 1} ",,,,,,,,,,,,,,,,,,,,,,,,,,,
125,butter and margarine ,0.1243,0,,,,,,,,,,,,,,,,,,,,,,,,,,,,,,,,,,,,
126,us capitol map ,0.0006,6,thesaurus.topn3,0.2,us capitol map  America Columbia  center dome  design drawing ,thesaurus.topn3.replace,0.1, America Columbia  center dome  design drawing ,wordnet.topn3,0.003,us capitol map uracil U uranium Capitol Building function map out ,tagmee.topn3,0.0027,us capitol map Washington  D C  ,conceptluster.topn5.3.bm25,0.0027,us capitol map washington d c ,glove.topn3,0.001,us capitol map u s  u s lobby                                              ,,,,,,,,,,,,,,,,,,
127,dutchess county tourism ,0.2847,3,rm3.topn10.10.0.5.bm25,0.3095,colleg vallei tourism counti dutchess tour dct hudson     poughkeepsi ,tagmee.topn3,0.2931,dutchess county tourism Dutchess County  New York ,conceptluster.topn5.3.bm25,0.2931,dutchess county tourism dutchess county new york ,,,,,,,,,,,,,,,,,,,,,,,,,,,
128,atypical squamous cells ,0.056,5,adaponfields.topn3.exgov2.4.0.25.10.1.0.bm25,0.117,"{'cell': 2, 'atyp': 2, 'squamou': 2, 'cervic': 2.0, 'pap': 1.83, 'cin': 1.686, 'smear': 1.515, 'abnorm': 1.423, 'lesion': 1.351, 'endocerv': 1.232, 'diseas': 1.201, 'intraepitheli': 1.175, 'colposcopi': 1.036} ",thesaurus.topn3,0.1059,atypical squamous cells  abnormal anomalous   bacterium egg ,docluster.topn10.3.bm25,0.0771,atypical squamous cells squamou cervic ,sensedisambiguation,0.0622,atypical squamous cells cellular telephone ,sensedisambiguation.replace,0.058,atypical squamous cellular telephone ,,,,,,,,,,,,,,,,,,,,,
129,iowa food stamp program ,0.0134,2,adaponfields.topn3.exgov2.4.0.25.10.1.0.bm25,0.0213,"{'program': 2, 'stamp': 2, 'food': 2, 'iowa': 2, 'selectedbenefit': 2.0, 'isatleastoneselect': 1.12, 'abawd': 1.105, 'leaver': 1.093, 'getel': 1.083, 'icheck': 1.08, 'elementslength': 1.042, 'checkeligibilitydo': 1.04, 'elementcheck': 1.04, 'eligibilitycriteriado': 1.04, 'gobenefitreportdo': 1.04} ",termluster.topn5.3.bm25,0.0147,iowa food stamp program depart food human depart human iowa depart food human depart food human ,,,,,,,,,,,,,,,,,,,,,,,,,,,,,,
130,fact on uranus ,0.2831,1,docluster.topn10.3.bm25,0.2974,fact on uranus planet uranu ,,,,,,,,,,,,,,,,,,,,,,,,,,,,,,,,,
131,equal opportunity employer ,0.0144,2,relevancefeedback.topn10.bm25,0.05,equal opportunity employer employ opportun ,stem.porter2,0.0192,equal opportun employ ,,,,,,,,,,,,,,,,,,,,,,,,,,,,,,
132,mothers day songs ,0.05,5,sensedisambiguation,0.0963,mothers mother day songs sung ,docluster.topn10.3.bm25,0.0842,mothers day songs dai i ,sensedisambiguation.replace,0.0742,mother day sung ,termluster.topn5.3.bm25,0.0652,mothers day songs song mom idea mother mom idea ,rm3.topn10.10.0.5.bm25,0.056,thank pami lyric dai she mom mother durlei idea mommi song ,,,,,,,,,,,,,,,,,,,,,
133,all men are created equal ,0.0667,1,rm3.topn10.10.0.5.bm25,0.1424,creat all declar jefferson independ thoma born philip men phrase equal women ,,,,,,,,,,,,,,,,,,,,,,,,,,,,,,,,,
134,electronic skeet shoot ,0.0057,1,termluster.topn5.3.bm25,0.0078,electronic skeet shoot free shoot home free skeet home ,,,,,,,,,,,,,,,,,,,,,,,,,,,,,,,,,
135,source of the nile ,0.0091,0,,,,,,,,,,,,,,,,,,,,,,,,,,,,,,,,,,,,
136,american military university ,0.0009,4,tagmee.topn3,0.0059,american military university American Public University System ,conceptluster.topn5.3.bm25,0.0059,american military university american public university system ,onfields.topn3.10.1.0.bm25,0.0039,"{'american': 2, 'militari': 2, 'univers': 2, '0033': 1.178, 'liber': 1.172, 'degre': 1.144, 'amu': 1.063, 'microscann': 1.052, 'studiesunivers': 1.029, 'miitari': 1.0, 'militaryfriendli': 1.0} ",rm3.topn10.10.0.5.bm25,0.0025,colleg univers amu bachelor histor american war polit militari liber institut degre ,,,,,,,,,,,,,,,,,,,,,,,,
137,rock and gem shows ,0.1441,0,,,,,,,,,,,,,,,,,,,,,,,,,,,,,,,,,,,,
138,jax chemical company ,0.3109,3,onfields.topn3.10.1.0.bm25,0.5287,"{'compani': 2, 'chemic': 2, 'jax': 2, 'solut': 1.333, 'polish': 1.296, 'metal': 1.259, 'finish': 1.259, 'authent': 1.148, 'patina': 1.148, 'guarante': 1.074, 'nonflamm': 1.074, 'waterbas': 1.074} ",termluster.topn5.3.bm25,0.4149,jax chemical company solut ,sensedisambiguation.replace,0.3708,jax chemical ship s company ,,,,,,,,,,,,,,,,,,,,,,,,,,,
139,rocky mountain news ,0.0303,2,wiki.topn3,0.2251,rocky mountain news defunct newspapers of colorado thdenver post media in denver  colorado Rocky Mountain News ,wiki.topn3.replace,0.2126,defunct newspapers of colorado thdenver post media in denver  colorado Rocky Mountain News ,,,,,,,,,,,,,,,,,,,,,,,,,,,,,,
140,east ridge high school ,0.0312,0,,,,,,,,,,,,,,,,,,,,,,,,,,,,,,,,,,,,
141,va dmv registration ,0.0715,4,sensedisambiguation.replace,0.1844,virginia dmv registration ,rm3.topn10.10.0.5.bm25,0.1407,va plate driver dmv commonwealth obtain drive virginia vehicl registr ,adaponfields.topn3.exgov2.4.0.25.10.1.0.bm25,0.0918,"{'registr': 2, 'vehicl': 2.0, 'va': 2, 'dmv': 2, 'plate': 1.312, 'leas': 1.258, 'licens': 1.172, 'bname': 1.065, 'bver': 1.065, 'documentimgnamesrc': 1.043, 'evalimgnam': 1.043, 'documentsearchsrchvalu': 1.043} ",stem.lovins,0.0806,va dmv register ,,,,,,,,,,,,,,,,,,,,,,,,
142,illinois state tax ,0.0574,2,bertqe.topn10.bm25,0.1272,"{'illinois state tax': 1.5, 'tax 1040 state illinois': 1.0, 'state illinois free tax': 0.8979591836734693, 'state illinois income tax': 0.8367346938775511, 'illinois property tax state': 0.6938775510204082, 'illinois inheritance tax state': 0.673469387755102} ",wiki.topn3,0.0651,illinois state tax illinois county seats in illinois chicago Illinois original jurisdiction resolution  law  united states administrativlaw State government standard deduction     k  clayton antitrust act Taxation in the United States ,,,,,,,,,,,,,,,,,,,,,,,,,,,,,,
143,arkadelphia health club ,0.0,0,,,,,,,,,,,,,,,,,,,,,,,,,,,,,,,,,,,,
144,trombone for sale ,0.1356,0,,,,,,,,,,,,,,,,,,,,,,,,,,,,,,,,,,,,
145,vines for shade ,0.1272,0,,,,,,,,,,,,,,,,,,,,,,,,,,,,,,,,,,,,
146,sherwood regional library ,0.1168,3,onfields.topn3.10.1.0.bm25,0.2412,"{'region': 2, 'uw': 2.0, 'librari': 2, 'sherwood': 2, 'branch': 1.606, 'databas': 1.485, 'endedit': 1.424, 'beginedit': 1.424, 'kk': 1.333, 'fcpl': 1.273, 'pleas': 1.242, 'httpwwww3orgtrxhtml1dtdxhtml1transitionaldtd': 1.091} ",docluster.topn10.3.bm25,0.1697,sherwood regional library librari ,termluster.topn5.3.bm25,0.168,sherwood regional library librari region servic sherwood servic librari sherwood servic region ,,,,,,,,,,,,,,,,,,,,,,,,,,,
147,tangible personal property tax ,0.2914,2,tagmee.topn3,0.3098,tangible personal property tax Personal property Property tax Property tax ,conceptluster.topn5.3.bm25,0.3087,tangible personal property tax property tax personal property ,,,,,,,,,,,,,,,,,,,,,,,,,,,,,,
148,martha stewart and imclone ,0.264,2,rm3.topn10.10.0.5.bm25,0.2744,sell imclon martha charg bacanov she trial stock waksal stewart ,wordnet.topn3.replace,0.2659,martha Dugald Stewart Jimmy Stewart imclone ,,,,,,,,,,,,,,,,,,,,,,,,,,,,,,
149,uplift at yellowstone national park ,0.1579,3,word2vec.topn3,0.2574,uplift yellowstone national park yosemite supervolcano super volcano regional international local parkland ,relevancefeedback.topn10.bm25,0.181,uplift at yellowstone national park yellowston ,docluster.topn10.3.bm25,0.181,uplift at yellowstone national park yellowston ,,,,,,,,,,,,,,,,,,,,,,,,,,,
150,tn highway patrol ,0.01,7,relevancefeedback.topn10.bm25,0.0208,tn highway patrol state offic safeti      ,tagmee.topn3,0.0139,tn highway patrol Tennessee Highway patrol ,conceptluster.topn5.3.bm25,0.0139,tn highway patrol tennessee highway patrol ,termluster.topn5.3.bm25,0.0132,tn highway patrol highwai offic servic ,adaponfields.topn3.exgov2.4.0.25.10.1.0.bm25,0.0114,"{'highway': 2, 'patrol': 2, 'tn': 2, 'licens': 2.0, 'driver': 1.691, 'tennesse': 1.65, 'renew': 1.512, 'handgun': 1.268, 'divis': 1.22, 'dept': 1.195, 'respons': 1.122, 'tennesseegov': 1.081} ",sensedisambiguation,0.0109,tn tennessee highway patrol ,docluster.topn10.3.bm25,0.0104,tn highway patrol safeti ,,,,,,,,,,,,,,,
151,   b ,0.0,11,bertqe.topn10.bm25,0.1097,"{'403b': 1.5, 'b 64117  b': 1.0, '452620  b b bcb b': 0.2483262325015218, '452912  b b bc b': 0.22215459525258682, '452614  ba b b': 0.1448569689592209, '452042  b b c bb': 0.12964090079123558} ",adaponfields.topn3.exgov2.4.0.25.10.1.0.bm25,0.097,"{'in': 2.0, '403b': 2, 'hous': 1.081, 'usc': 1.056, 'newsbulletin': 1.038, 'compens': 1.031, 'costofliv': 1.025, 'taxdef': 1.025, 'nonhous': 1.025, 'highcost': 1.019, 'vc4': 1.012} ",termluster.topn5.3.bm25,0.0798,   b contribut monei plan ,onfields.topn3.10.1.0.bm25,0.0397,"{'403b': 2, 'b': 2.0, 'c': 1.063, 'bb': 1.05, 'bournemouth': 1.048, 'bbbournemouth': 1.012, 'hous': 1.003, '1202': 1.002, 'homestay': 1.001, '01202': 1.001, 'pppn': 1.001, 'bbextern': 1.001} ",wiki.topn3,0.0264,   b     plan federal employees retirement system roth     k      b  ,wiki.topn3.replace,0.0187,    plan federal employees retirement system roth     k      b  ,word2vec.topn3,0.0127,   b participant directed retirement savings ,relevancefeedback.topn10.bm25,0.0077,   b loan contribut download roth tax ,word2vec.topn3.replace,0.0057,participant directed retirement savings ,rm3.topn10.10.0.5.bm25,0.0052,monei    k    b rule retir roth distribut ira contribut loan ,docluster.topn10.3.bm25,0.0004,   b roth download ,,,
152,angular cheilitis ,0.0,0,,,,,,,,,,,,,,,,,,,,,,,,,,,,,,,,,,,,
153,pocono ,0.2945,0,,,,,,,,,,,,,,,,,,,,,,,,,,,,,,,,,,,,
154,figs ,0.0419,1,wordnet.topn3,0.0985,figs Ficus carica Libyan Islamic Fighting Group ,,,,,,,,,,,,,,,,,,,,,,,,,,,,,,,,,
155,last supper painting ,0.1891,2,rm3.topn10.10.0.5.bm25,0.2823,paint christ supper leonardo last apostl tour da jesu juda vinci ,onfields.topn3.10.1.0.bm25,0.241,"{'last': 2, 'da': 2.0, 'paint': 2, 'supper': 2, 'leonardo': 1.728, 'vinci': 1.584, 'var': 1.331, 'jesu': 1.28, 'apostl': 1.132, '20090208': 1.054, 'typetextcss': 1.043, 'relstylesheet': 1.043} ",,,,,,,,,,,,,,,,,,,,,,,,,,,,,,
156,university of phoenix ,0.1267,0,,,,,,,,,,,,,,,,,,,,,,,,,,,,,,,,,,,,
157,the beatles rock band ,0.1152,9,termluster.topn5.3.bm25,0.3274,beatles rock band top titl rock beatl music new georg love paul ,tagmee.topn3.replace,0.2089,The Beatles  album  The Beatles  Rock Band ,tagmee.topn3,0.2033,beatles rock band The Beatles  album  The Beatles  Rock Band ,conceptluster.topn5.3.bm25,0.2033,beatles rock band beatles   rock band beatles album ,glove.topn3,0.1971,beatles rock band lennon mccartney band pop album ,docluster.topn10.3.bm25,0.1426,the beatles rock band game beatl ,glove.topn3.replace,0.1412,lennon mccartney band pop album ,relevancefeedback.topn10.bm25,0.1404,the beatles rock band beatl game    carducci ,sensedisambiguation,0.1185,the beatles rock band set ,,,,,,,,,
158,septic system design ,0.4018,0,,,,,,,,,,,,,,,,,,,,,,,,,,,,,,,,,,,,
159,porterville ,0.2417,4,tagmee.topn3,0.2768,porterville Porterville  California ,conceptluster.topn5.3.bm25,0.2768,porterville porterville california ,tagmee.topn3.replace,0.2543,Porterville  California ,bertqe.topn10.bm25,0.2418,"{'porterville': 1.5, 'porterville  california  i   p   font   font   p ': 1.0, 'porterville  porterville  california   title  best western': 0.3333333333333333, 'porterville  california   ca 93257  span   div': 0.3333333333333333, 'porterville destroyed': 0.0, 'porterville  p   p   name  education  id  education    a   p   h2   span': 0.0} ",,,,,,,,,,,,,,,,,,,,,,,,
160,grilling ,0.0114,0,,,,,,,,,,,,,,,,,,,,,,,,,,,,,,,,,,,,
161,furniture for small spaces ,0.0197,2,sensedisambiguation,0.0272,furniture for small spaces space ,termluster.topn5.3.bm25,0.0254,furniture small spaces tabl space small furnitur space tabl tabl small product ,,,,,,,,,,,,,,,,,,,,,,,,,,,,,,
162,dnr ,0.0356,0,,,,,,,,,,,,,,,,,,,,,,,,,,,,,,,,,,,,
163,arkansas ,0.0293,2,conceptnet.topn3,0.116,arkansas a state ,bertqe.topn10.bm25,0.0294,"{'arkansas': 1.5, 'arkansas  a   li   ul   h3  f  h3   ul   li   href  wikifargo  arkansas  title  fargo ': 1.0, 'arkansas  a   li   ul   h3  u  h3   ul   li   href  wikiulm  arkansas  title  ulm ': 0.6666666666666666, 'arkansas  a   br   href  arlitttlerock  target  top   litttle rock  arkansas  a   br  ': 0.6666666666666666, 'arkansas  ar   h2   br    center   href  http  wwwdoctortreeorgclicksgradeshtml ': 0.3333333333333333, 'arkansas  a   br   href  arnorthlittlerock  target  top   north little rock ': 0.3333333333333333} ",,,,,,,,,,,,,,,,,,,,,,,,,,,,,,
164,hobby stores ,0.0547,0,,,,,,,,,,,,,,,,,,,,,,,,,,,,,,,,,,,,
165,blue throated hummingbird ,0.002,1,termluster.topn5.3.bm25,0.0023,blue throated hummingbird free hummingbird lamporni wikipedia white page blue free lamporni ,,,,,,,,,,,,,,,,,,,,,,,,,,,,,,,,,
166,computer programming ,0.0058,3,word2vec.topn3,0.0102,computer programming software programmers ,relevancefeedback.topn10.bm25,0.0089,computer programming comput program languag ,sensedisambiguation,0.0077,computer programming program ,,,,,,,,,,,,,,,,,,,,,,,,,,,
167,barbados ,0.0178,3,adaponfields.topn3.exgov2.4.0.25.10.1.0.bm25,0.0572,"{'na': 2.0, 'barbado': 2, 'tel': 1.383, 'fax': 1.231, 'export': 1.148, 'caribbean': 1.125, 'bridgetown': 1.119, 'hous': 1.089, 'barbadian': 1.065, 'caricom': 1.047, 'bidc': 1.033} ",wiki.topn3,0.0344,barbados islands of barbados barbados saint lucia Barbados ,wiki.topn3.replace,0.0259,islands of barbados barbados saint lucia Barbados ,,,,,,,,,,,,,,,,,,,,,,,,,,,
168,lipoma ,0.292,0,,,,,,,,,,,,,,,,,,,,,,,,,,,,,,,,,,,,
169,battles in the civil war ,0.1013,2,termluster.topn5.3.bm25,0.1415,battles civil war war unit union american battl gener american battl civil ,conceptnet.topn3,0.1101,battles civil war battle ,,,,,,,,,,,,,,,,,,,,,,,,,,,,,,
170,scooters ,0.0055,2,sensedisambiguation,0.0527,scooters water scooter ,sensedisambiguation.replace,0.037000000000000005,water scooter ,,,,,,,,,,,,,,,,,,,,,,,,,,,,,,
171,ron howard ,0.1592,0,,,,,,,,,,,,,,,,,,,,,,,,,,,,,,,,,,,,
172,becoming a paralegal ,0.22,6,relevancefeedback.topn10.bm25,0.2966,becoming a paralegal paraleg legal ,termluster.topn5.3.bm25,0.2552,becoming paralegal studi school paraleg studi school legal ,tagmee.topn3,0.2538,becoming paralegal Paralegal ,docluster.topn10.3.bm25,0.2538,becoming a paralegal paraleg ,conceptluster.topn5.3.bm25,0.2538,becoming paralegal paralegal ,conceptnet.topn3,0.2314,becoming paralegal flattering legal assistant ,,,,,,,,,,,,,,,,,,
173,hip fractures ,0.3362,0,,,,,,,,,,,,,,,,,,,,,,,,,,,,,,,,,,,,
174,rock art ,0.1059,0,,,,,,,,,,,,,,,,,,,,,,,,,,,,,,,,,,,,
175,signs of a heartattack ,0.018000000000000002,7,tagmee.topn3.replace,0.0461,Medical sign Myocardial infarction ,tagmee.topn3,0.045,signs heartattack Medical sign Myocardial infarction ,conceptluster.topn5.3.bm25,0.045,signs heartattack myocardial infarction medical sign ,docluster.topn10.3.bm25,0.0267,signs of a heartattack heart ,stem.trunc5,0.0215,signs of a heart ,wordnet.topn3,0.0206,signs heartattack bless ratify sign up ,rm3.topn10.10.0.5.bm25,0.0203,maximumrocknrol vine heart sign grow wait attack heartattack tom symptom warn ,,,,,,,,,,,,,,,
176,weather strip ,0.0011,6,tagmee.topn3.replace,0.4649,Weatherstripping ,tagmee.topn3,0.0814,weather strip Weatherstripping ,conceptluster.topn5.3.bm25,0.0814,weather strip weatherstripping ,wiki.topn3,0.0249,weather strip cryogenic deflashing heat fusion melt  manufacturing  Weatherstripping ,termluster.topn5.3.bm25,0.0036,weather strip strip door weather door ,wiki.topn3.replace,0.0027,cryogenic deflashing heat fusion melt  manufacturing  Weatherstripping ,,,,,,,,,,,,,,,,,,
177,best long term care insurance ,0.0669,4,tagmee.topn3,0.0884,best long term care insurance Long term care insurance ,conceptluster.topn5.3.bm25,0.0884,best long term care insurance long term care insurance ,tagmee.topn3.replace,0.0865,Long term care insurance ,adaponfields.topn3.exgov2.4.0.25.10.1.0.bm25,0.0765,"{'term': 2, 'best': 2, 'long': 2, 'insur': 2, 'care': 2, 'longterm': 1.285, 'nurs': 1.123, 'premium': 1.115, 'medicaid': 1.094, 'increas': 1.072, 'purchas': 1.055, 'expens': 1.043, 'gormu': 1.026} ",,,,,,,,,,,,,,,,,,,,,,,,
178,pork tenderloin ,0.0886,1,relevancefeedback.topn10.bm25,0.0927,pork tenderloin recip ,,,,,,,,,,,,,,,,,,,,,,,,,,,,,,,,,
179,black history ,0.0249,1,docluster.topn10.3.bm25,0.026,black history histori ,,,,,,,,,,,,,,,,,,,,,,,,,,,,,,,,,
180,newyork hotels ,0.004,3,sensedisambiguation,0.0077,newyork hotels hotel ,termluster.topn5.3.bm25,0.0066,newyork hotels hotel new top york univers top ,bertqe.topn10.bm25,0.0063,"{'newyork hotels': 1.5, 'hotel hilton times square newyork': 1.0, 'sheraton newyork hotel towers': 1.0, 'hotels manhatten newyork  24': 0.5, 'vh1  br  rosevelt hotel newyork': 0.5, ' 51 hotel newyork ': 0.5} ",,,,,,,,,,,,,,,,,,,,,,,,,,,
181,old coins ,0.0391,0,,,,,,,,,,,,,,,,,,,,,,,,,,,,,,,,,,,,
182,quit smoking ,0.1328,0,,,,,,,,,,,,,,,,,,,,,,,,,,,,,,,,,,,,
183,kansas city mo ,0.0025,12,wiki.topn3.replace,0.2662,kansas missouri nebraska Kansas cities in platte county  missouri cities in cass county  missouri cities in jackson county  missouri Kansas City  Missouri ,wiki.topn3,0.1979,kansas city mo kansas missouri nebraska Kansas cities in platte county  missouri cities in cass county  missouri cities in jackson county  missouri Kansas City  Missouri ,tagmee.topn3.replace,0.1224,Kansas Kansas City  Missouri ,rm3.topn10.10.0.5.bm25,0.0166,mo park     hotel swope zoo citi kansa road street wed ,conceptnet.topn3,0.013,kansas city mo the United States Dodge City capital town Missouri molybdenum ,wordnet.topn3,0.0116,kansas city mo Kaw River urban center metropolis bit Mo minute ,termluster.topn5.3.bm25,0.0066,kansas city mo new citi center new kansa center ,tagmee.topn3,0.0051,kansas city mo Kansas Kansas City  Missouri ,conceptluster.topn5.3.bm25,0.0051,kansas city mo kansas city missouri kansas ,glove.topn3,0.0043,kansas city mo missouri oklahoma town d  l zheed ,relevancefeedback.topn10.bm25,0.0026,kansas city mo citi kansa ,docluster.topn10.3.bm25,0.0026,kansas city mo citi kansa 
184,civil right movement ,0.1407,4,tagmee.topn3,0.3497,civil right movement Civil and political rights Freedom of movement ,conceptluster.topn5.3.bm25,0.3497,civil right movement freedom movement civil political rights ,tagmee.topn3.replace,0.3125,Civil and political rights Freedom of movement ,termluster.topn5.3.bm25,0.1486,civil right movement american movement right american civil movement american civil right ,,,,,,,,,,,,,,,,,,,,,,,,
185,credit report ,0.0269,1,adaponfields.topn3.exgov2.4.0.25.10.1.0.bm25,0.0491,"{'report': 2, 'credit': 2, 'bureau': 1.215, '30003500': 1.03, '26002600': 1.03, '18502600': 1.03, '19752759': 1.03, '18752675': 1.03, '42305170': 1.03, '19802770': 1.03, '38004200': 1.03, '25003350': 1.03} ",,,,,,,,,,,,,,,,,,,,,,,,,,,,,,,,,
186,unc ,0.0482,0,,,,,,,,,,,,,,,,,,,,,,,,,,,,,,,,,,,,
187,vanuatu ,0.0888,3,wordnet.topn3,0.1607,vanuatu Republic of Vanuatu New Hebrides ,adaponfields.topn3.exgov2.4.0.25.10.1.0.bm25,0.139,"{'vanuatu': 2, 'minist': 1.333, 'prime': 1.24, 'consular': 1.14, 'pati': 1.093, 'melanesian': 1.093, 'nivanuatu': 1.093, 'vanuaaku': 1.093, 'espiritu': 1.078, 'natapei': 1.062, '52member': 1.031} ",wordnet.topn3.replace,0.1119,New Hebrides Republic of Vanuatu ,,,,,,,,,,,,,,,,,,,,,,,,,,,
188,internet phone service ,0.0171,0,,,,,,,,,,,,,,,,,,,,,,,,,,,,,,,,,,,,
189,gs pay rate ,0.024,3,sensedisambiguation,0.0382,gs thousand pay wage rate ,relevancefeedback.topn10.bm25,0.0244,gs pay rate pai ,docluster.topn10.3.bm25,0.0244,gs pay rate pai ,,,,,,,,,,,,,,,,,,,,,,,,,,,
190,brooks brothers clearance ,0.1001,4,relevancefeedback.topn10.bm25,0.1579,brooks brothers clearance off coupon save us cash brook shirt ,docluster.topn10.3.bm25,0.1215,brooks brothers clearance coupon brook off ,tagmee.topn3,0.1148,brooks brothers clearance Brooks Brothers ,conceptluster.topn5.3.bm25,0.1148,brooks brothers clearance brooks brothers ,,,,,,,,,,,,,,,,,,,,,,,,
191,churchill downs ,0.0849,0,,,,,,,,,,,,,,,,,,,,,,,,,,,,,,,,,,,,
192,condos in florida ,0.0513,0,,,,,,,,,,,,,,,,,,,,,,,,,,,,,,,,,,,,
193,dog clean up bags ,0.1025,3,relevancefeedback.topn10.bm25,0.1222,dog clean up bags bag pet ,tagmee.topn3,0.1061,dog clean bags Dog ,conceptluster.topn5.3.bm25,0.1061,dog clean bags dog ,,,,,,,,,,,,,,,,,,,,,,,,,,,
194,designer dog breeds ,0.9121,0,,,,,,,,,,,,,,,,,,,,,,,,,,,,,,,,,,,,
195,pressure washers ,0.0097,0,,,,,,,,,,,,,,,,,,,,,,,,,,,,,,,,,,,,
196,sore throat ,0.1938,2,adaponfields.topn3.exgov2.4.0.25.10.1.0.bm25,0.2954,"{'sore': 2, 'throat': 2, 'strep': 1.324, 'caus': 1.286, 'pain': 1.21, 'fever': 1.21, 'antibiot': 1.21, 'tonsil': 1.124, 'swollen': 1.086, 'mononucleosi': 1.086, 'rheumat': 1.076} ",onfields.topn3.10.1.0.bm25,0.2552,"{'sore': 2, 'throat': 2, 'caus': 1.171, 'deep': 1.112, 'young': 1.111, 'infect': 1.096, 'fever': 1.084, 'symptom': 1.066, 'strep': 1.065, 'diseas': 1.053, 'mononucleosi': 1.043} ",,,,,,,,,,,,,,,,,,,,,,,,,,,,,,
197,idaho state flower ,0.0425,5,wordnet.topn3,0.1149,idaho state flower Gem State ID tell land express flush efflorescence prime ,wiki.topn3,0.1063,idaho state flower idaho montana montana Idaho john bellenden ker gawler magnolia campbellii list of tregenera Floral emblem ,word2vec.topn3,0.0813,idaho state flower boise wyoming utah federal blossoms petals ,wiki.topn3.replace,0.0609,idaho montana montana Idaho john bellenden ker gawler magnolia campbellii list of tregenera Floral emblem ,glove.topn3,0.0546,idaho state flower boise wyoming federal floral ,,,,,,,,,,,,,,,,,,,,,
198,indiana state fairgrounds ,0.1972,5,relevancefeedback.topn10.bm25,0.234,indiana state fairgrounds fairground skate coliseum chapter ,rm3.topn10.10.0.5.bm25,0.2321,state indiana chapter counti fair fairground pm indianapoli skate coliseum pepsi ,onfields.topn3.10.1.0.bm25,0.2281,"{'state': 2, 'indiana': 2, 'fairground': 2, 'ohio': 1.029, 'indianapoli': 1.02, 'coliseum': 1.016, '38th': 1.013, '1202': 1.013, 'wwwingovstatefairfairgroundsskatingpublichtml': 1.011, 'nonskat': 1.005, '3179277622': 1.005, 'counti': 1.0} ",tagmee.topn3,0.2017,indiana state fairgrounds Indiana State Fair ,conceptluster.topn5.3.bm25,0.2017,indiana state fairgrounds indiana state fair ,,,,,,,,,,,,,,,,,,,,,
199,fybromyalgia ,0.0132,4,tagmee.topn3.replace,0.2031,Fibromyalgia ,tagmee.topn3,0.1477,fybromyalgia Fibromyalgia ,conceptluster.topn5.3.bm25,0.1477,fybromyalgia fibromyalgia ,bertqe.topn10.bm25,0.014,"{'fybromyalgia': 1.5, 'common symptoms fybromyalgia include   br': 1.0, 'title  view posts fybromyalgia ': 0.3125668449197861, ' title  fybromyalgia  title   meta httpequiv  contenttype  content  texthtml  charsetutf8   ': 0.2909090909090909, 'fybromyalgia rsd': 0.2358288770053476, 'posts fybromyalgia  rel  category': 0.11336898395721935} ",,,,,,,,,,,,,,,,,,,,,,,,
200,ontario california airport ,0.1879,2,thesaurus.topn3,0.2329,ontario california airport   Bear Flag State Cal  airfield airstrip ,wiki.topn3,0.2015,ontario california airport garden grove  california corona  california tustin  california Ontario  California macintosh internals apple inc  peripherals runway Airport ,,,,,,,,,,,,,,,,,,,,,,,,,,,,,,
