qid,abstractqueryexpansion,abstractqueryexpansion.qld.map,star_model_count,method.1,metric.1,query.1,method.2,metric.2,query.2,method.3,metric.3,query.3,method.4,metric.4,query.4,method.5,metric.5,query.5,method.6,metric.6,query.6,method.7,metric.7,query.7,method.8,metric.8,query.8,method.9,metric.9,query.9,method.10,metric.10,query.10,method.11,metric.11,query.11,method.12,metric.12,query.12,method.13,metric.13,query.13,method.14,metric.14,query.14,method.15,metric.15,query.15,method.16,metric.16,query.16
1,obama family tree ,0.0674,11,wiki.topn3,0.4386,obama family tree stanley armour dunham madelyn dunham barack obama  sr  Family of Barack Obama ,anchor.topn3,0.3977,obama family tree barack   obama strichnocera mekubetzet tree stern   s diatomic sequ ssm a   ,tagmee.topn3,0.3976,obama family tree Family of Barack Obama ,conceptluster.topn5.3.qld,0.3976,obama family tree family barack obama ,conceptnet.topn3,0.3741,obama family tree Barack Hussein Obama home group branch squirrel wood ,wiki.topn3.replace,0.321,stanley armour dunham madelyn dunham barack obama  sr  Family of Barack Obama ,anchor.topn3.replace,0.3121,barack   obama strichnocera family mekubetzet tree stern   s diatomic sequ ssm a   ,word2vec.topn3,0.3047,obama family tree  bama barack relatives tree  ,glove.topn3,0.266,obama family tree barack mccain father pine ,tagmee.topn3.replace,0.2638,Family of Barack Obama ,conceptnet.topn3.replace,0.1539,Barack Hussein Obama home group branch squirrel wood ,,,,,,,,,,,,,,,
2,french lick resort and casino ,0.2019,5,rm3.topn10.10.0.5.qld,0.223,room french indiana baden hotel spring credit resort lick casino ,sensedisambiguation,0.2099,french lick salt lick resort and casino ,tagmee.topn3,0.2074,french lick resort casino French Lick  Indiana French Lick Resort Casino Casino ,conceptluster.topn5.3.qld,0.2074,french lick resort casino french lick indiana casino french lick resort casino ,tagmee.topn3.replace,0.2046,French Lick  Indiana French Lick Resort Casino Casino ,,,,,,,,,,,,,,,,,,,,,,,,,,,,,,,,,
3,getting organized ,0.1006,0,,,,,,,,,,,,,,,,,,,,,,,,,,,,,,,,,,,,,,,,,,,,,,,,
4,toilet ,0.0594,0,,,,,,,,,,,,,,,,,,,,,,,,,,,,,,,,,,,,,,,,,,,,,,,,
5,mitchell college ,0.0027,1,docluster.topn10.3.qld,0.006,mitchell college mitchel colleg biologi ,,,,,,,,,,,,,,,,,,,,,,,,,,,,,,,,,,,,,,,,,,,,,
6,kcs ,0.0024,1,bertqe.topn10.qld,0.0032,"{'kcs': 1.5, 'kc inks  br  kc jazz': 1.0, ' br  kc daylights  br  kc': 1.0, 'kc mo  br  kc': 0.5714285714285714, 'kc sunshines  br ': 0.5714285714285714, 'kc us air force tanker': 0.2857142857142859} ",,,,,,,,,,,,,,,,,,,,,,,,,,,,,,,,,,,,,,,,,,,,,
7,air travel information ,0.1116,0,,,,,,,,,,,,,,,,,,,,,,,,,,,,,,,,,,,,,,,,,,,,,,,,
8,appraisals ,0.0123,0,,,,,,,,,,,,,,,,,,,,,,,,,,,,,,,,,,,,,,,,,,,,,,,,
9,used car parts ,0.0821,1,relevancefeedback.topn10.qld,0.0948,used car parts part us auto ,,,,,,,,,,,,,,,,,,,,,,,,,,,,,,,,,,,,,,,,,,,,,
10,cheap internet ,0.0287,3,word2vec.topn3,0.0809,cheap internet inexpensive low cost online intenet ,word2vec.topn3.replace,0.0767,inexpensive low cost online intenet ,onfields.topn3.10.1.0.qld,0.0401,"{'internet': 2, 'cheap': 2, 'host': 1.186, 'fast': 1.157, 'dial': 1.133, 'server': 1.094, 'speed': 1.076, 'dsl': 1.033, 'mcallen': 1.022, 'internetcheap': 1.012, 'servercheap': 1.008} ",,,,,,,,,,,,,,,,,,,,,,,,,,,,,,,,,,,,,,,
11,gmat prep classes ,0.2125,0,,,,,,,,,,,,,,,,,,,,,,,,,,,,,,,,,,,,,,,,,,,,,,,,
12,djs ,0.0411,1,bertqe.topn10.qld,0.0412,"{'djs': 1.5, 'dj johnathan peters dj dieselboy': 1, 'dj sledge hammer sunrise dj': 1, 'djs  tx  a   font   td   td   font size  1    hreflocalbusinessesdjsconvoyohios50html   convoy djs ': 1, 'djs  mi  a   font   td   tr   tr   td width50     font size  1    hreflocalbusinessesdjswest  20bloomfield  20hillsmichigans50html   west': 1, 'djs  mi  a   font   td   tr   tr   td width50     font size  1    hreflocalbusinessesdjscentallouisianas50html   cental': 1} ",,,,,,,,,,,,,,,,,,,,,,,,,,,,,,,,,,,,,,,,,,,,,
13,map ,0.0537,1,adaponfields.topn3.exgov2.4.0.25.10.1.0.qld,0.0542,{'map': 2} ,,,,,,,,,,,,,,,,,,,,,,,,,,,,,,,,,,,,,,,,,,,,,
14,dinosaurs ,0.0455,0,,,,,,,,,,,,,,,,,,,,,,,,,,,,,,,,,,,,,,,,,,,,,,,,
15,espn sports ,0.2217,0,,,,,,,,,,,,,,,,,,,,,,,,,,,,,,,,,,,,,,,,,,,,,,,,
16,arizona game and fish ,0.1585,3,tagmee.topn3,0.1693,arizona game fish Arizona Arizona Game and Fish Department Fish ,conceptluster.topn5.3.qld,0.1693,arizona game fish arizona game fish department arizona fish ,tagmee.topn3.replace,0.1623,Arizona Arizona Game and Fish Department Fish ,,,,,,,,,,,,,,,,,,,,,,,,,,,,,,,,,,,,,,,
17,poker tournaments ,0.0712,1,sensedisambiguation,0.0907,poker tournaments tournament ,,,,,,,,,,,,,,,,,,,,,,,,,,,,,,,,,,,,,,,,,,,,,
18,wedding budget calculator ,0.101,0,,,,,,,,,,,,,,,,,,,,,,,,,,,,,,,,,,,,,,,,,,,,,,,,
19,the current ,0.0,0,,,,,,,,,,,,,,,,,,,,,,,,,,,,,,,,,,,,,,,,,,,,,,,,
20,defender ,0.0,0,,,,,,,,,,,,,,,,,,,,,,,,,,,,,,,,,,,,,,,,,,,,,,,,
21,volvo ,0.2773,0,,,,,,,,,,,,,,,,,,,,,,,,,,,,,,,,,,,,,,,,,,,,,,,,
22,rick warren ,0.3108,0,,,,,,,,,,,,,,,,,,,,,,,,,,,,,,,,,,,,,,,,,,,,,,,,
23,yahoo ,0.0048,2,wiki.topn3,0.0246,yahoo alibaba group websites by company companies based in sunnyvale  california Yahoo  ,wiki.topn3.replace,0.0182,alibaba group websites by company companies based in sunnyvale  california Yahoo  ,,,,,,,,,,,,,,,,,,,,,,,,,,,,,,,,,,,,,,,,,,
24,diversity ,0.0808,0,,,,,,,,,,,,,,,,,,,,,,,,,,,,,,,,,,,,,,,,,,,,,,,,
25,euclid ,0.1694,1,bertqe.topn10.qld,0.2171,"{'euclid': 1.5, 'one euclid s accomplishments': 1.0, 'euclid meant ': 1.0, ' b  euclid  b  ancient greek': 0.5833333333333336, 'euclid active': 0.41666666666666674, 'euclid  i   boston  mass  1980    li': 0.41666666666666674} ",,,,,,,,,,,,,,,,,,,,,,,,,,,,,,,,,,,,,,,,,,,,,
26,lower heart rate ,0.1014,2,tagmee.topn3,0.1029,lower heart rate Mandible Heart rate ,conceptluster.topn5.3.qld,0.1029,lower heart rate mandible heart rate ,,,,,,,,,,,,,,,,,,,,,,,,,,,,,,,,,,,,,,,,,,
27,starbucks ,0.1012,0,,,,,,,,,,,,,,,,,,,,,,,,,,,,,,,,,,,,,,,,,,,,,,,,
28,inuyasha ,0.1619,1,bertqe.topn10.qld,0.162,"{'inuyasha': 1.5, 'inuyasha episode 16  mystical': 1.0, 'inuyasha episode 60 ': 0.888888888888889, 'inuyasha episode 61 inuyasha': 0.7777777777777778, 'inuyasha episode 164   p   p ': 0.5555555555555556, 'inuyasha episode 61  inuyasha': 0.5555555555555556} ",,,,,,,,,,,,,,,,,,,,,,,,,,,,,,,,,,,,,,,,,,,,,
29,ps   games ,0.013,0,,,,,,,,,,,,,,,,,,,,,,,,,,,,,,,,,,,,,,,,,,,,,,,,
30,diabetes education ,0.1146,0,,,,,,,,,,,,,,,,,,,,,,,,,,,,,,,,,,,,,,,,,,,,,,,,
31,atari ,0.2842,0,,,,,,,,,,,,,,,,,,,,,,,,,,,,,,,,,,,,,,,,,,,,,,,,
32,website design hosting ,0.035,0,,,,,,,,,,,,,,,,,,,,,,,,,,,,,,,,,,,,,,,,,,,,,,,,
33,elliptical trainer ,0.2794,5,sensedisambiguation,0.294,elliptical elliptic trainer ,relevancefeedback.topn10.qld,0.294,elliptical trainer ellipt ,docluster.topn10.3.qld,0.294,elliptical trainer ellipt ,tagmee.topn3,0.2795,elliptical trainer Elliptical trainer ,conceptluster.topn5.3.qld,0.2795,elliptical trainer elliptical trainer ,,,,,,,,,,,,,,,,,,,,,,,,,,,,,,,,,
34,cell phones ,0.0195,5,glove.topn3,0.0582,cell phones cellular telephones cellphones ,word2vec.topn3,0.0324,cell phones cellular telephones handsets ,wordnet.topn3,0.0212,cell phones electric cell cellular phone telephone set earphone ,relevancefeedback.topn10.qld,0.0204,cell phones phone ,docluster.topn10.3.qld,0.0204,cell phones phone ,,,,,,,,,,,,,,,,,,,,,,,,,,,,,,,,,
35,hoboken ,0.3383,0,,,,,,,,,,,,,,,,,,,,,,,,,,,,,,,,,,,,,,,,,,,,,,,,
36,gps ,0.0461,1,glove.topn3,0.0739,gps positioning navigation ,,,,,,,,,,,,,,,,,,,,,,,,,,,,,,,,,,,,,,,,,,,,,
37,pampered chef ,0.0349,3,rm3.topn10.10.0.5.qld,0.05,pamper cook earn recip kitchen consult magic chef item ebai ,relevancefeedback.topn10.qld,0.0388,pampered chef pamper cook ,sensedisambiguation,0.0356,pampered pamper chef ,,,,,,,,,,,,,,,,,,,,,,,,,,,,,,,,,,,,,,,
38,dogs for adoption ,0.0512,0,,,,,,,,,,,,,,,,,,,,,,,,,,,,,,,,,,,,,,,,,,,,,,,,
39,disneyland hotel ,0.0618,6,docluster.topn10.3.qld,0.1101,disneyland hotel anaheim ,tagmee.topn3,0.0858,disneyland hotel Disneyland Hotel  California  ,conceptluster.topn5.3.qld,0.0858,disneyland hotel disneyland hotel california ,bertqe.topn10.qld,0.0849,"{'disneyland hotel': 1.5, 'anaheim disneyland hotel': 1.0, 'grand california hotel disneyland': 0.5714285714285715, 'disneyland hotel disneyland resort paris': 0.4285714285714285, 'disneyland hotel anaheim  one': 0.4285714285714285, 'disneyland  br  disneyland grand hotel': 0.28571428571428575} ",rm3.topn10.10.0.5.qld,0.0653,park hotel disneyland anaheim ca resort pari near california franc ,tagmee.topn3.replace,0.0639,Disneyland Hotel  California  ,,,,,,,,,,,,,,,,,,,,,,,,,,,,,,
40,michworks ,0.0397,3,docluster.topn10.3.qld,0.0638,michworks counti ,rm3.topn10.10.0.5.qld,0.0494,aol depart calhoun michigan mountain mi counti michwork bike trail employ ,relevancefeedback.topn10.qld,0.0407,michworks michigan bike search counti work ,,,,,,,,,,,,,,,,,,,,,,,,,,,,,,,,,,,,,,,
41,orange county convention center ,0.0596,2,termluster.topn5.3.qld,0.1218,orange county convention center orlando group counti orlando orang group show plan new convent intern compani ,onfields.topn3.10.1.0.qld,0.0613,"{'center': 2, 'convent': 2, 'counti': 2, 'orang': 2, 'florida': 1.052, 'orlando': 1.046, 'orangeburg': 1.043, 'chopper': 1.029, 'juic': 1.026, 'peel': 1.017, 'orangevil': 1.017, 'orangeval': 1.011} ",,,,,,,,,,,,,,,,,,,,,,,,,,,,,,,,,,,,,,,,,,
42,the music man ,0.0037,0,,,,,,,,,,,,,,,,,,,,,,,,,,,,,,,,,,,,,,,,,,,,,,,,
43,the secret garden ,0.2192,2,wiki.topn3,0.5218,secret garden novels by frances hodgson burnett littlwomen thchristmas miraclof jonathan toomey The Secret Garden ,wiki.topn3.replace,0.4238,novels by frances hodgson burnett littlwomen thchristmas miraclof jonathan toomey The Secret Garden ,,,,,,,,,,,,,,,,,,,,,,,,,,,,,,,,,,,,,,,,,,
44,map of the united states ,0.0243,3,termluster.topn5.3.qld,0.0672,map united states citi state unit state map citi unit map citi ,rm3.topn10.10.0.5.qld,0.044,western state religi unit usa calendar kingdom presid map index road law physic ,onfields.topn3.10.1.0.qld,0.0385,"{'the': 2, 'of': 2, 'map': 2, 'unit': 2, 'state': 2, 'usa': 1.031, 'america': 1.028, 'unti': 1.006, 'confeder': 1.005, 'storycont': 1.003, 'anniesfamouscooki': 1.003, 'storywrap': 1.003, 'datecomrap': 1.003} ",,,,,,,,,,,,,,,,,,,,,,,,,,,,,,,,,,,,,,,
45,solar panels ,0.1316,3,sensedisambiguation,0.1409,solar panels panel ,relevancefeedback.topn10.qld,0.1409,solar panels panel ,docluster.topn10.3.qld,0.1409,solar panels panel ,,,,,,,,,,,,,,,,,,,,,,,,,,,,,,,,,,,,,,,
46,alexian brothers hospital ,0.322,1,onfields.topn3.10.1.0.qld,0.3277,"{'hospit': 2, 'brother': 2, 'alexian': 2, 'windowonload': 1.072, '8474375500': 1.062, 'falseimg': 1.031, 'stylewidth': 1.031, '133em': 1.031, 'refreshusercontrolsinteriorsubnavtoolsascx': 1.021, 'refreshusercontrolsinteriorcontentascx': 1.021, 'alertcannot': 1.021, 'refreshusercontrolsinteriorfooterascx': 1.021} ",,,,,,,,,,,,,,,,,,,,,,,,,,,,,,,,,,,,,,,,,,,,,
47,indexed annuity ,0.1519,1,sensedisambiguation,0.1642,indexed index annuity ,,,,,,,,,,,,,,,,,,,,,,,,,,,,,,,,,,,,,,,,,,,,,
48,wilson antenna ,0.0287,3,relevancefeedback.topn10.qld,0.0993,wilson antenna cb ,tagmee.topn3,0.0327,wilson antenna Robert Woodrow Wilson Antenna  radio  ,conceptluster.topn5.3.qld,0.0327,wilson antenna antenna radio robert woodrow wilson ,,,,,,,,,,,,,,,,,,,,,,,,,,,,,,,,,,,,,,,
49,flame designs ,0.1548,1,rm3.topn10.10.0.5.qld,0.1656,tribal fire bead vector clip clipart design tattoo glass graphic flame ,,,,,,,,,,,,,,,,,,,,,,,,,,,,,,,,,,,,,,,,,,,,,
50,dog heat ,0.0183,0,,,,,,,,,,,,,,,,,,,,,,,,,,,,,,,,,,,,,,,,,,,,,,,,
51,horse hooves ,0.2277,0,,,,,,,,,,,,,,,,,,,,,,,,,,,,,,,,,,,,,,,,,,,,,,,,
52,avp ,0.1466,1,bertqe.topn10.qld,0.4036,"{'avp': 1.5, 'avp organization': 1.0, 'volleyball professionals  avp   font   b   p   p': 0.8181818181818181, 'volleyball professionals  avp   title   meta': 0.409090909090909, 'avp  avp code 87 ': 0.1363636363636362, 'avp  avp code 75 ': 0.09090909090909068} ",,,,,,,,,,,,,,,,,,,,,,,,,,,,,,,,,,,,,,,,,,,,,
53,discovery channel store ,0.0522,2,rm3.topn10.10.0.5.qld,0.0744,gift channel registri store feb televis discoveri dvd planet anim idea ,termluster.topn5.3.qld,0.0721,discovery channel store store dvd dai discoveri store dai channel discoveri dai ,,,,,,,,,,,,,,,,,,,,,,,,,,,,,,,,,,,,,,,,,,
54,president of the united states ,0.1551,3,word2vec.topn3,0.1693,president united states vice president unified sates states  ,wiki.topn3,0.1661,president united states presidency of the united states cabinet of the united states democratiparty vice presidents of the united states President of the United States ,wiki.topn3.replace,0.1644,presidency of the united states cabinet of the united states democratiparty vice presidents of the united states President of the United States ,,,,,,,,,,,,,,,,,,,,,,,,,,,,,,,,,,,,,,,
55,iron ,0.0908,1,wordnet.topn3,0.1083,iron Fe smoothing iron ,,,,,,,,,,,,,,,,,,,,,,,,,,,,,,,,,,,,,,,,,,,,,
56,uss yorktown charleston sc ,0.0114,6,tagmee.topn3.replace,0.0443,USS Yorktown  CV     Charleston  South Carolina ,tagmee.topn3,0.0326,uss yorktown charleston sc USS Yorktown  CV     Charleston  South Carolina ,conceptluster.topn5.3.qld,0.0326,uss yorktown charleston sc charleston south carolina uss yorktown cv    ,bertqe.topn10.qld,0.029,"{'uss yorktown charleston sc': 0.975609756097561, 'uss yorktown charleston sc  br ': 1.0, 'uss yorktown museum charleston  br ': 0.926829268292683, 'yorktown museum charleston sc  br ': 0.9024390243902439, 'yorktown  br  uss yorktown charleston': 0.7804878048780489} ",onfields.topn3.10.1.0.qld,0.0167,"{'sc': 2, 'charleston': 2, 'uss': 2, 'yorktown': 2, 'va': 1.183, 'virginia': 1.08, 'ny': 1.078, 'height': 1.068, 'battl': 1.057, 'pleasant': 1.028, 'indiana': 1.02, 'lombard': 1.017} ",relevancefeedback.topn10.qld,0.0121,uss yorktown charleston sc pleasant aircraft program museum carolina ,,,,,,,,,,,,,,,,,,,,,,,,,,,,,,
57,ct jobs ,0.213,0,,,,,,,,,,,,,,,,,,,,,,,,,,,,,,,,,,,,,,,,,,,,,,,,
58,penguins ,0.0831,0,,,,,,,,,,,,,,,,,,,,,,,,,,,,,,,,,,,,,,,,,,,,,,,,
59,how to build a fence ,0.0135,7,termluster.topn5.3.qld,0.0202,build fence fenc free garden wooden project plan ,relevancefeedback.topn10.qld,0.0179,how to build a fence fenc ,docluster.topn10.3.qld,0.0179,how to build a fence fenc ,conceptnet.topn3,0.0164,build fence construct a board make gate get an sword post ,wiki.topn3,0.0154,build fence ,tagmee.topn3,0.0154,build fence ,conceptluster.topn5.3.qld,0.0154,build fence ,,,,,,,,,,,,,,,,,,,,,,,,,,,
60,bellevue ,0.1585,1,bertqe.topn10.qld,0.1586,"{'bellevue': 1.5, 'bellevue  wa 98007  blockquote style  margintop5px  marginbottom5px   ': 1.0, 'bellevue  wa 98004  blockquote style  margintop5px  marginbottom5px   ': 0.75, 'bellevue  wa 98006  blockquote style  margintop5px  marginbottom5px   ': 0.75, 'bellevue  bellevuepa   title   meta name  description  content  nursing': 0.24999999999999983, 'bellevue  wash   blockquote   div   div': 0.0} ",,,,,,,,,,,,,,,,,,,,,,,,,,,,,,,,,,,,,,,,,,,,,
61,worm ,0.0356,0,,,,,,,,,,,,,,,,,,,,,,,,,,,,,,,,,,,,,,,,,,,,,,,,
62,texas border patrol ,0.3848,6,adaponfields.topn3.exgov2.4.0.25.10.1.0.qld,0.4505,"{'texa': 2, 'border': 2, 'patrol': 2, 'rio': 1.373, 'agent': 1.269, 'inspector': 1.269, 'illeg': 1.261, 'del': 1.216, 'immigr': 1.179, 'paso': 1.134, 'increas': 1.045} ",wiki.topn3.replace,0.4195,texas states of the confederate states of america louisiana Texas united states border patrol el paso intelligenccenter u s  customs and border protection United States Border Patrol ,wiki.topn3,0.4109,texas border patrol texas states of the confederate states of america louisiana Texas united states border patrol el paso intelligenccenter u s  customs and border protection United States Border Patrol ,tagmee.topn3,0.4026,texas border patrol Texas United States Border Patrol ,conceptluster.topn5.3.qld,0.4026,texas border patrol united states border patrol texas ,tagmee.topn3.replace,0.3936,Texas United States Border Patrol ,,,,,,,,,,,,,,,,,,,,,,,,,,,,,,
63,flushing ,0.1087,2,tagmee.topn3,0.1718,flushing Flushing  Queens ,conceptluster.topn5.3.qld,0.1718,flushing flushing queens ,,,,,,,,,,,,,,,,,,,,,,,,,,,,,,,,,,,,,,,,,,
64,moths ,0.117,0,,,,,,,,,,,,,,,,,,,,,,,,,,,,,,,,,,,,,,,,,,,,,,,,
65,korean language ,0.1988,5,glove.topn3,0.3682,korean language korea word ,wiki.topn3,0.3174,korean language languages of north korea languages of korea buyeo languages Korean language ,wiki.topn3.replace,0.2948,languages of north korea languages of korea buyeo languages Korean language ,tagmee.topn3,0.1989,korean language Korean language ,conceptluster.topn5.3.qld,0.1989,korean language korean language ,,,,,,,,,,,,,,,,,,,,,,,,,,,,,,,,,
66,income tax return online ,0.0016,3,anchor.topn3,0.0026,income tax return online   puissanc      e            technic fancyson godbeast megazord  ,onfields.topn3.10.1.0.qld,0.0024,"{'onlin': 2, 'return': 2, 'incom': 2, 'tax': 2, 'prepar': 1.201, 'refund': 1.11, 'efil': 1.051, '5px': 1.024, 'artcharmcom': 1.019, '154a99': 1.01, 'refundcategori': 1.0} ",termluster.topn5.3.qld,0.0019,income tax return online turbo tax state feder file free feder file free turbo tax state ,,,,,,,,,,,,,,,,,,,,,,,,,,,,,,,,,,,,,,,
67,vldl levels ,0.1438,2,bertqe.topn10.qld,0.1603,"{'vldl levels': 1.5, 'level follows  vldl ': 1.0, ' 513000  td   td aligncenter  vldl  idl': 0.590909090909091, 'aligncenter  vldl  td   td aligncenter  liver  td   td aligncenter  0951006  td ': 0.5454545454545455, 'aligncenter  vldl  td   td aligncenter  10191063  td   td aligncenter  2022  td ': 0.5000000000000001, 'top  a   hr   h1   name  vldl   low': 0.4545454545454546} ",stem.trunc4,0.1585,vldl leve ,,,,,,,,,,,,,,,,,,,,,,,,,,,,,,,,,,,,,,,,,,
68,pvc ,0.055,5,tagmee.topn3,0.1033,pvc Polyvinyl chloride ,conceptluster.topn5.3.qld,0.1033,pvc polyvinyl chloride ,wordnet.topn3,0.0871,pvc polyvinyl chloride premature ventricular contraction ,docluster.topn10.3.qld,0.086,pvc pipe ,wordnet.topn3.replace,0.0695,polyvinyl chloride premature ventricular contraction ,,,,,,,,,,,,,,,,,,,,,,,,,,,,,,,,,
69,sewing instructions ,0.1316,1,bertqe.topn10.qld,0.1511,"{'sewing instructions': 1.5, 'sewing instruction instructions': 1.0, 'free sewing instructions beginners': 0.8333333333333334, 'instructions beginners sewing': 0.6111111111111112, 'instruction  sewing    meta name  keywords  content  instructions': 0.5555555555555555, 'instructions janome dc3018  sewing fabrics': 0.33333333333333326} ",,,,,,,,,,,,,,,,,,,,,,,,,,,,,,,,,,,,,,,,,,,,,
70,to be or not to be that is the question ,0.0,2,wiki.topn3,0.0003,question ninotchka anthony adverse thpied piper       film  To Be or Not to Be       film  ,wiki.topn3.replace,0.0003,ninotchka anthony adverse thpied piper       film  To Be or Not to Be       film  ,,,,,,,,,,,,,,,,,,,,,,,,,,,,,,,,,,,,,,,,,,
71,living in india ,0.0011,9,bertqe.topn10.qld,0.0225,"{'living in india': 1.5, 'india  a   li   li   href  p94livingoverseasinindiahtml  title  living overseas': 1.0, 'india  a   li   li   href  p94indialivingandworkinginhtml  title  india living': 0.9983625730994151, 'expat living india search': 0.9976608187134501, 'overseas  class  default   india overseas  a   li   li   href  p94livingabroadinindiahtml  title  living': 0.9936842105263157, 'abroad india  class  default   living abroad': 0.9894736842105262} ",word2vec.topn3,0.0132,living india non living pakistan indian nepal ,wiki.topn3,0.0042,living india states and territories established in      india hindustani speaking countries and territories India ,tagmee.topn3,0.0042,living india India ,conceptluster.topn5.3.qld,0.0042,living india india ,wiki.topn3.replace,0.0029,states and territories established in      india hindustani speaking countries and territories India ,conceptnet.topn3,0.0028,living india home room house a country in Asia a temple a very populous country ,word2vec.topn3.replace,0.0027,non living pakistan indian nepal ,glove.topn3,0.0015,living india indian pakistan ,,,,,,,,,,,,,,,,,,,,,
72,the sun ,0.0007,7,thesaurus.topn3,0.0955,sun  star sunlight ,sensedisambiguation,0.0224,the sun sunlight ,thesaurus.topn3.replace,0.0115, star sunlight ,word2vec.topn3,0.0078,sun sunlight sunshine sun  ,relevancefeedback.topn10.qld,0.0012,the sun like ,docluster.topn10.3.qld,0.0012,the sun like ,glove.topn3,0.0009,sun bright sky ,,,,,,,,,,,,,,,,,,,,,,,,,,,
73,neil young ,0.2358,0,,,,,,,,,,,,,,,,,,,,,,,,,,,,,,,,,,,,,,,,,,,,,,,,
74,kiwi ,0.0172,3,word2vec.topn3,0.0472,kiwi kiwifruit ,wordnet.topn3,0.0461,kiwi Actinidia deliciosa kiwi fruit ,word2vec.topn3.replace,0.0184,kiwifruit ,,,,,,,,,,,,,,,,,,,,,,,,,,,,,,,,,,,,,,,
75,tornadoes ,0.3522,0,,,,,,,,,,,,,,,,,,,,,,,,,,,,,,,,,,,,,,,,,,,,,,,,
76,raised gardens ,0.2067,0,,,,,,,,,,,,,,,,,,,,,,,,,,,,,,,,,,,,,,,,,,,,,,,,
77,bobcat ,0.0372,0,,,,,,,,,,,,,,,,,,,,,,,,,,,,,,,,,,,,,,,,,,,,,,,,
78,dieting ,0.0027,2,wiki.topn3,0.0271,dieting food faddism junk food macrobiotic diet Dieting ,wiki.topn3.replace,0.0247,food faddism junk food macrobiotic diet Dieting ,,,,,,,,,,,,,,,,,,,,,,,,,,,,,,,,,,,,,,,,,,
79,voyager ,0.0486,6,wiki.topn3,0.2848,voyager missions to uranus missions to neptune missions to saturn Voyager program ,wiki.topn3.replace,0.2111,missions to uranus missions to neptune missions to saturn Voyager program ,tagmee.topn3,0.0784,voyager Voyager program ,conceptluster.topn5.3.qld,0.0784,voyager voyager program ,tagmee.topn3.replace,0.068,Voyager program ,bertqe.topn10.qld,0.0543,"{'voyager': 1.5, 'voyager 1 voyager 2  br ': 1.0, 'content  texthtml  charsetutf8     title  voyager ': 1.0, 'voyager 510usb  br  star trek': 0.7499999999999998, 'voyager 2091  br  voyager earth': 0.7499999999999998, 'voyager mission': 0.7499999999999998} ",,,,,,,,,,,,,,,,,,,,,,,,,,,,,,
80,keyboard reviews ,0.1271,0,,,,,,,,,,,,,,,,,,,,,,,,,,,,,,,,,,,,,,,,,,,,,,,,
81,afghanistan ,0.0531,4,conceptnet.topn3,0.1087,afghanistan Islamic State of Afghanistan Karzai ,anchor.topn3,0.1002,afghanistan junbish  عالی      present  ,wordnet.topn3,0.0803,afghanistan Islamic State of Afghanistan ,conceptnet.topn3.replace,0.0596,Islamic State of Afghanistan Karzai ,,,,,,,,,,,,,,,,,,,,,,,,,,,,,,,,,,,,
82,joints ,0.0449,0,,,,,,,,,,,,,,,,,,,,,,,,,,,,,,,,,,,,,,,,,,,,,,,,
83,memory ,0.0,8,glove.topn3,0.0636,memory remembering ,conceptnet.topn3,0.0512,memory remembering something brain ,wordnet.topn3,0.0298,memory retentivity remembering computer storage ,conceptnet.topn3.replace,0.0097,remembering something brain ,word2vec.topn3,0.0058,memory recollection ,wordnet.topn3.replace,0.0002,remembering computer storage store ,thesaurus.topn3,0.0001,memory  consciousness mind ,glove.topn3.replace,0.0001,remembering ,,,,,,,,,,,,,,,,,,,,,,,,
84,continental plates ,0.3805,0,,,,,,,,,,,,,,,,,,,,,,,,,,,,,,,,,,,,,,,,,,,,,,,,
85,milwaukee journal sentinel ,0.0534,0,,,,,,,,,,,,,,,,,,,,,,,,,,,,,,,,,,,,,,,,,,,,,,,,
86,bart sf ,0.3981,0,,,,,,,,,,,,,,,,,,,,,,,,,,,,,,,,,,,,,,,,,,,,,,,,
87,who invented music ,0.0179,4,termluster.topn5.3.qld,0.1062,invented music first ,tagmee.topn3,0.08199999999999999,invented music The Who The Music ,conceptluster.topn5.3.qld,0.0669,invented music music ,conceptnet.topn3,0.0539,invented music fictional dance record rock ,,,,,,,,,,,,,,,,,,,,,,,,,,,,,,,,,,,,
88,forearm pain ,0.0969,0,,,,,,,,,,,,,,,,,,,,,,,,,,,,,,,,,,,,,,,,,,,,,,,,
89,ocd ,0.2348,1,bertqe.topn10.qld,0.2359,"{'ocd': 1.5, 'relnofollow  ocd  disambiguation   a   br   img srchttp  imgtfdcomtab32gif   href  ocda   ocda  a   br   img srchttp  imgtfdcomtab32gif  ': 1.0, ' li  ocd  href  ocddsmphp   psychiatric': 0.6875, ' ocd  psychiatric condition ': 0.5000000000000001, 'originalurl  http  acronymsthefreedictionarycomocd   googlepageurloriginalurl  googlelanguage   en  ': 0.43750000000000006, 'ocd   href  therapyphp  ': 0.1875000000000001} ",,,,,,,,,,,,,,,,,,,,,,,,,,,,,,,,,,,,,,,,,,,,,
90,mgb ,0.092,4,onfields.topn3.10.1.0.qld,0.185,"{'mg': 2.0, 'mgb': 2, 'v8': 1.267, '5speed': 1.124, 'midget': 1.081, 'v8t5': 1.051, '215t5': 1.037, 'mgbrover': 1.036, 'mgbbuick': 1.031, 'v6t5': 1.026, 'efit5': 1.025} ",rm3.topn10.10.0.5.qld,0.1522,t  v  mgb ford car speed mg rover     mga ,docluster.topn10.3.qld,0.1209,mgb   v   sp mg ,relevancefeedback.topn10.qld,0.1054,mgb v   sp   mg mga report ,,,,,,,,,,,,,,,,,,,,,,,,,,,,,,,,,,,,
91,er tv show ,0.0464,5,tagmee.topn3,0.0675,er tv show ER  TV series  ER  TV series  Television program ,termluster.topn5.3.qld,0.0657,er tv show home john life ,conceptluster.topn5.3.qld,0.0566,er tv show er tv series television program ,tagmee.topn3.replace,0.0522,ER  TV series  ER  TV series  Television program ,wordnet.topn3,0.0509,er tv show erbium Er ER video television set boob tube prove depict express ,,,,,,,,,,,,,,,,,,,,,,,,,,,,,,,,,
92,the wall ,0.0004,2,word2vec.topn3,0.0027,wall wall  brick ,word2vec.topn3.replace,0.0018,wall  brick ,,,,,,,,,,,,,,,,,,,,,,,,,,,,,,,,,,,,,,,,,,
93,raffles ,0.0468,0,,,,,,,,,,,,,,,,,,,,,,,,,,,,,,,,,,,,,,,,,,,,,,,,
94,titan ,0.0102,0,,,,,,,,,,,,,,,,,,,,,,,,,,,,,,,,,,,,,,,,,,,,,,,,
95,earn money at home ,,0,,,,,,,,,,,,,,,,,,,,,,,,,,,,,,,,,,,,,,,,,,,,,,,,
96,rice ,0.0917,1,termluster.topn5.3.qld,0.1038,rice recip ,,,,,,,,,,,,,,,,,,,,,,,,,,,,,,,,,,,,,,,,,,,,,
97,south africa ,0.0248,4,wiki.topn3,0.0907,south africa afrikaans speaking countries and territories south africa bantu countries and territories South Africa ,wiki.topn3.replace,0.0648,afrikaans speaking countries and territories south africa bantu countries and territories South Africa ,termluster.topn5.3.qld,0.0339,south africa africa countri south countri ,wordnet.topn3,0.0293,south africa in the south S to the south ,,,,,,,,,,,,,,,,,,,,,,,,,,,,,,,,,,,,
98,sat ,0.0682,1,rm3.topn10.10.0.5.qld,0.1044,prep    fri sat score       test    sun ,,,,,,,,,,,,,,,,,,,,,,,,,,,,,,,,,,,,,,,,,,,,,
99,satellite ,0.017,2,glove.topn3,0.0545,satellite launch ,wordnet.topn3,0.0488,satellite artificial satellite orbiter planet ,,,,,,,,,,,,,,,,,,,,,,,,,,,,,,,,,,,,,,,,,,
100,rincon puerto rico ,,0,,,,,,,,,,,,,,,,,,,,,,,,,,,,,,,,,,,,,,,,,,,,,,,,
101,ritz carlton lake las vegas ,0.0728,2,onfields.topn3.10.1.0.qld,0.102,"{'carlton': 2, 'ritz': 2, 'la': 2, 'lake': 2, 'vega': 2, 'vacat': 1.794, 'packag': 1.729, 'casino': 1.299, 'henderson': 1.175, 'ritzcarlton': 1.088, 'strhref': 1.023, 'mytravelguidecom': 1.017} ",anchor.topn3,0.0816,ritz carlton lake las vegas iż żgħira calender van  gunnison  kalausa halawet spreyton  yanama yungay  lake landslid       ,,,,,,,,,,,,,,,,,,,,,,,,,,,,,,,,,,,,,,,,,,
102,fickle creek farm ,0.0021,1,rm3.topn10.10.0.5.qld,0.0027,class creek fickl counti farm dinner farmer island bait fenc duke ,,,,,,,,,,,,,,,,,,,,,,,,,,,,,,,,,,,,,,,,,,,,,
103,madam cj walker ,0.0637,7,tagmee.topn3.replace,0.1755,Madam C  J  Walker ,tagmee.topn3,0.0898,madam cj walker Madam C  J  Walker ,conceptluster.topn5.3.qld,0.0898,madam cj walker madam c  j  walker ,wiki.topn3,0.0859,madam cj walker my bondagand my freedom negro academy legal rights association Madam C  J  Walker ,adaponfields.topn3.exgov2.4.0.25.10.1.0.qld,0.0758,"{'walker': 2, 'madam': 2, 'cj': 2, 'c': 2.0, 'u': 1.747, '0': 1.674, 'j': 1.235, 'vi': 1.167, 'litter': 1.023, 'adoptahighway': 1.02, 'repres': 1.014, 'of0': 1.009, '0705010': 1.005} ",thesaurus.topn3,0.0745,madam cj walker  madame Frau   hiker pedestrian ,wiki.topn3.replace,0.0729,my bondagand my freedom negro academy legal rights association Madam C  J  Walker ,,,,,,,,,,,,,,,,,,,,,,,,,,,
104,indiana child support ,0.0239,5,adaponfields.topn3.exgov2.4.0.25.10.1.0.qld,0.1193,"{'support': 2, 'indiana': 2, 'child': 2, 'parent': 1.602, 'incom': 1.466, 'oblig': 1.382, 'guidelin': 1.339, 'expens': 1.283, 'worksheet': 1.191, 'noncustodi': 1.083, 'obligor': 1.078} ",rm3.topn10.10.0.5.qld,0.077,guidelin indiana incom parent payment court enforc child calcul law support ,wiki.topn3,0.0578,indiana child support indiana ohio cities in indiana Indiana noncustodial parent geduldig v  aiello child abusprevention and treatment act Child support in the United States ,relevancefeedback.topn10.qld,0.0473,indiana child support parent ,wiki.topn3.replace,0.0266,indiana ohio cities in indiana Indiana noncustodial parent geduldig v  aiello child abusprevention and treatment act Child support in the United States ,,,,,,,,,,,,,,,,,,,,,,,,,,,,,,,,,
105,sonoma county medical services ,0.0854,0,,,,,,,,,,,,,,,,,,,,,,,,,,,,,,,,,,,,,,,,,,,,,,,,
106,universal animal cuts reviews ,0.0114,1,relevancefeedback.topn10.qld,0.0221,universal animal cuts reviews i review nutrit anim cut ,,,,,,,,,,,,,,,,,,,,,,,,,,,,,,,,,,,,,,,,,,,,,
107,cass county missouri ,0.0312,1,thesaurus.topn3.replace,0.0321,cass  canton constituency missouri ,,,,,,,,,,,,,,,,,,,,,,,,,,,,,,,,,,,,,,,,,,,,,
108,ralph owen brewster ,0.4834,1,onfields.topn3.10.1.0.qld,0.5053,"{'owen': 2, 'ralph': 2, 'brewster': 2, 'var': 1.815, 'senat': 1.549, 'hugh': 1.444, 'hous': 1.352, 'repres': 1.296, 'committe': 1.185, 'preced': 1.111, 'mediascreen': 1.074, 'typetextcss': 1.074, 'relstylesheet': 1.074} ",,,,,,,,,,,,,,,,,,,,,,,,,,,,,,,,,,,,,,,,,,,,,
109,mayo clinic jacksonville fl ,0.0026,4,thesaurus.topn3,0.0042,mayo clinic jacksonville fl   hospital dispensary   ,tagmee.topn3,0.0035,mayo clinic jacksonville fl Mayo Clinic Jacksonville  Florida ,conceptluster.topn5.3.qld,0.0035,mayo clinic jacksonville fl jacksonville florida mayo clinic ,tagmee.topn3.replace,0.0034,Mayo Clinic Jacksonville  Florida ,,,,,,,,,,,,,,,,,,,,,,,,,,,,,,,,,,,,
110,map of brazil ,0.0612,0,,,,,,,,,,,,,,,,,,,,,,,,,,,,,,,,,,,,,,,,,,,,,,,,
111,lymphoma in dogs ,0.3742,0,,,,,,,,,,,,,,,,,,,,,,,,,,,,,,,,,,,,,,,,,,,,,,,,
112,kenmore gas water heater ,0.0,0,,,,,,,,,,,,,,,,,,,,,,,,,,,,,,,,,,,,,,,,,,,,,,,,
113,hp mini      ,0.0007,3,onfields.topn3.10.1.0.qld,0.0089,"{'2140': 2, 'hp': 2, 'mini': 2, 'dv': 2.0, 'camcord': 1.138, '1000': 1.093, 'tape': 1.044, 'netbook': 1.041, 'jvc': 1.039, 'soni': 1.034, 'panason': 1.032, 'pavilion': 1.024} ",rm3.topn10.10.0.5.qld,0.0018,     window netbook mini laptop           notebook pc hp ,bertqe.topn10.qld,0.0018,"{'hp mini 2140': 1.5, 'mini 2140  a    href  http  wwwitechnewsnettaghpmininote2140  rel  tag   hp': 1, 'hp mini 2140 integrates innovative': 1, '2140  a    href  http  wwwmydigitallifeinfo20090108newhpmini2140notebookpcfeaturing101scratchresistanthpillumiliteleddisplay  title    hp': 1, 'hp mini 2140 runs': 1, 'mininote 2140  a    href  http  wwwitechnewsnettaghpnetbook  rel  tag   hp': 1} ",,,,,,,,,,,,,,,,,,,,,,,,,,,,,,,,,,,,,,,
114,adobe indian houses ,0.0212,1,wiki.topn3,0.0252,adobe indian houses buildings and structures by construction material adobe buildings and structures pueblos Adobe indigenous peoples in the united states native american topics native american history Native Americans in the United States houses residential area building House ,,,,,,,,,,,,,,,,,,,,,,,,,,,,,,,,,,,,,,,,,,,,,
115,pacific northwest laboratory ,0.125,2,thesaurus.topn3,0.25,pacific northwest laboratory  calm friendly   lab workshop ,wordnet.topn3,0.25,pacific northwest laboratory Pacific Ocean northwesterly nor  west science laboratory science lab ,,,,,,,,,,,,,,,,,,,,,,,,,,,,,,,,,,,,,,,,,,
116,california franchise tax board ,0.1279,0,,,,,,,,,,,,,,,,,,,,,,,,,,,,,,,,,,,,,,,,,,,,,,,,
117,dangers of asbestos ,0.1544,3,docluster.topn10.3.qld,0.1882,dangers of asbestos asbesto ,tagmee.topn3,0.165,dangers asbestos Risk Asbestos ,conceptluster.topn5.3.qld,0.165,dangers asbestos asbestos risk ,,,,,,,,,,,,,,,,,,,,,,,,,,,,,,,,,,,,,,,
118,poem in your pocket day ,0.0672,1,onfields.topn3.10.1.0.qld,0.129,"{'day': 2, 'your': 2, 'in': 2, 'pocket': 2, 'poem': 2, 'aiimageimagesimglinegif': 1.093, 'googleadheight': 1.056, 'pub7367856165470296': 1.056, 'googlecolorbord': 1.056, 'googlecolorurl': 1.056, 'googleadcli': 1.056, 'googlecolorlink': 1.056, 'googlecolortext': 1.056, 'googleadchannel': 1.056} ",,,,,,,,,,,,,,,,,,,,,,,,,,,,,,,,,,,,,,,,,,,,,
119,interview thank you ,0.1086,0,,,,,,,,,,,,,,,,,,,,,,,,,,,,,,,,,,,,,,,,,,,,,,,,
120,tv on computer ,0.0296,3,tagmee.topn3,0.0406,tv computer Television Computer ,conceptluster.topn5.3.qld,0.0406,tv computer television computer ,glove.topn3,0.0393,tv computer television broadcast software ,,,,,,,,,,,,,,,,,,,,,,,,,,,,,,,,,,,,,,,
121,sit and reach test ,0.0666,1,rm3.topn10.10.0.5.qld,0.0752,measur feet reach fit score flexibl bodi arm test sit ,,,,,,,,,,,,,,,,,,,,,,,,,,,,,,,,,,,,,,,,,,,,,
122,culpeper national cemetery ,0.0169,3,adaponfields.topn3.exgov2.4.0.25.10.1.0.qld,0.0591,"{'culpep': 2, 'nation': 2, 'cemeteri': 2, 'va': 1.456, 'vamc': 1.211, 'pleas': 1.092, '788': 1.085, '787': 1.079, 'fontfamilytim': 1.041, 'marginbottom0001pt': 1.022, 'msopaginationwidoworphan': 1.022, 'ceremoni': 1.002} ",stem.paicehusk,0.0205,culpep nat cemetery ,bertqe.topn10.qld,0.0195,"{'culpeper national cemetery': 1.5, 'national cemetery  a   td   td   href  wikiculpeper  virginia  title  culpeper ': 1.0, 'cemetery  a   td   td   href  wikiculpeper  virginia  title  culpeper  virginia   culpeper  a   td ': 0.5185185185185185, 'href  wikiculpepernationalcemetery  title  culpeper national cemetery   culpeper national': 0.5185185185185185, 'national cemetery   culpeper national cemetery  a   td   td  ': 0.4444444444444445, 'cemetery   culpeper national cemetery  a   td   td   href  wikiculpeper  virginia ': 0.4074074074074074} ",,,,,,,,,,,,,,,,,,,,,,,,,,,,,,,,,,,,,,,
123,von willebrand disease ,0.2417,2,tagmee.topn3,0.2418,von willebrand disease Von Willebrand disease ,conceptluster.topn5.3.qld,0.2418,von willebrand disease von willebrand disease ,,,,,,,,,,,,,,,,,,,,,,,,,,,,,,,,,,,,,,,,,,
124,bowflex power pro ,0.0611,3,tagmee.topn3,0.0759,bowflex power pro Bowflex ,conceptluster.topn5.3.qld,0.0759,bowflex power pro bowflex ,wiki.topn3,0.0717,bowflex power pro activity tracker shapeways channel stuffing Bowflex ,,,,,,,,,,,,,,,,,,,,,,,,,,,,,,,,,,,,,,,
125,butter and margarine ,0.1267,0,,,,,,,,,,,,,,,,,,,,,,,,,,,,,,,,,,,,,,,,,,,,,,,,
126,us capitol map ,0.0007,6,thesaurus.topn3,0.2,us capitol map  America Columbia  center dome  design drawing ,thesaurus.topn3.replace,0.2, America Columbia  center dome  design drawing ,wordnet.topn3,0.0025,us capitol map uracil U uranium Capitol Building function map out ,tagmee.topn3,0.0013,us capitol map Washington  D C  ,conceptluster.topn5.3.qld,0.0013,us capitol map washington d c ,termluster.topn5.3.qld,0.0009,us capitol map map capitol ,,,,,,,,,,,,,,,,,,,,,,,,,,,,,,
127,dutchess county tourism ,0.2252,2,rm3.topn10.10.0.5.qld,0.2925,colleg vallei tourism counti dutchess vassar dct hudson     poughkeepsi ,onfields.topn3.10.1.0.qld,0.2478,"{'tourism': 2, 'counti': 2, 'dutchess': 2, 'hudson': 1.704, 'poughkeepsi': 1.704, 'hous': 1.189, '845': 1.126, 'midhudson': 1.119, 'imgmmup': 1.069, '12601': 1.063, 'imgmmdn': 1.044, 'argsi1': 1.031} ",,,,,,,,,,,,,,,,,,,,,,,,,,,,,,,,,,,,,,,,,,
128,atypical squamous cells ,0.0548,2,rm3.topn10.10.0.5.qld,0.115,cell smear cancer atyp squamou cervic pap test carcinoma women ,thesaurus.topn3,0.1011,atypical squamous cells  abnormal anomalous   bacterium egg ,,,,,,,,,,,,,,,,,,,,,,,,,,,,,,,,,,,,,,,,,,
129,iowa food stamp program ,0.0026,3,termluster.topn5.3.qld,0.0146,iowa food stamp program report year offic program servic food offic program food offic servic ,adaponfields.topn3.exgov2.4.0.25.10.1.0.qld,0.0134,"{'program': 2, 'stamp': 2, 'food': 2, 'iowa': 2, 'selectedbenefit': 2.0, 'selectdeselect': 1.12, 'isatleastoneselect': 1.12, 'getel': 1.083, 'icheck': 1.08, 'elementslength': 1.042, 'checkeligibilitydo': 1.04, 'elementcheck': 1.04, 'eligibilitycriteriado': 1.04, 'gobenefitreportdo': 1.04} ",docluster.topn10.3.qld,0.0036,iowa food stamp program depart ,,,,,,,,,,,,,,,,,,,,,,,,,,,,,,,,,,,,,,,
130,fact on uranus ,0.2881,0,,,,,,,,,,,,,,,,,,,,,,,,,,,,,,,,,,,,,,,,,,,,,,,,
131,equal opportunity employer ,0.0109,3,stem.porter2,0.025,equal opportun employ ,conceptnet.topn3,0.0148,equal opportunity employer math chance ,relevancefeedback.topn10.qld,0.0114,equal opportunity employer opportun employ certif ,,,,,,,,,,,,,,,,,,,,,,,,,,,,,,,,,,,,,,,
132,mothers day songs ,0.0206,2,sensedisambiguation.replace,0.0986,mother day sung ,sensedisambiguation,0.0957,mothers mother day songs sung ,,,,,,,,,,,,,,,,,,,,,,,,,,,,,,,,,,,,,,,,,,
133,all men are created equal ,0.0554,3,rm3.topn10.10.0.5.qld,0.1762,creat all declar jefferson independ mesh opportun born philip men phrase equal ,wiki.topn3,0.133,men created equal life  liberty and thpursuit of happiness virginia declaration of rights an act for thgradual abolition of slavery All men are created equal ,wiki.topn3.replace,0.1062,life  liberty and thpursuit of happiness virginia declaration of rights an act for thgradual abolition of slavery All men are created equal ,,,,,,,,,,,,,,,,,,,,,,,,,,,,,,,,,,,,,,,
134,electronic skeet shoot ,0.0022,3,tagmee.topn3,0.0023,electronic skeet shoot Skeet Shoot ,tagmee.topn3.replace,0.0023,Skeet Shoot ,conceptluster.topn5.3.qld,0.0023,electronic skeet shoot skeet shoot ,,,,,,,,,,,,,,,,,,,,,,,,,,,,,,,,,,,,,,,
135,source of the nile ,0.0076,2,termluster.topn5.3.qld,0.0084,source nile water visit time map place point ,relevancefeedback.topn10.qld,0.0083,source of the nile we sourc ,,,,,,,,,,,,,,,,,,,,,,,,,,,,,,,,,,,,,,,,,,
136,american military university ,0.0,4,rm3.topn10.10.0.5.qld,0.0371,colleg univers footbal amu histor american war militari liber apu degre vietnam ,onfields.topn3.10.1.0.qld,0.0039,"{'american': 2, 'militari': 2, 'univers': 2, '0033': 1.178, 'liber': 1.172, 'degre': 1.144, 'amu': 1.063, 'microscann': 1.052, 'studiesunivers': 1.029, 'miitari': 1.0, 'militaryfriendli': 1.0} ",tagmee.topn3,0.0001,american military university American Public University System ,conceptluster.topn5.3.qld,0.0001,american military university american public university system ,,,,,,,,,,,,,,,,,,,,,,,,,,,,,,,,,,,,
137,rock and gem shows ,0.145,2,relevancefeedback.topn10.qld,0.1514,rock and gem shows show miner    our ,docluster.topn10.3.qld,0.15,rock and gem shows    show ,,,,,,,,,,,,,,,,,,,,,,,,,,,,,,,,,,,,,,,,,,
138,jax chemical company ,0.1868,1,sensedisambiguation.replace,0.2758,jax chemical ship s company ,,,,,,,,,,,,,,,,,,,,,,,,,,,,,,,,,,,,,,,,,,,,,
139,rocky mountain news ,0.0282,3,wiki.topn3,0.1475,rocky mountain news defunct newspapers of colorado thdenver post media in denver  colorado Rocky Mountain News ,wiki.topn3.replace,0.1173,defunct newspapers of colorado thdenver post media in denver  colorado Rocky Mountain News ,relevancefeedback.topn10.qld,0.0488,rocky mountain news rocki new ,,,,,,,,,,,,,,,,,,,,,,,,,,,,,,,,,,,,,,,
140,east ridge high school ,0.0008,0,,,,,,,,,,,,,,,,,,,,,,,,,,,,,,,,,,,,,,,,,,,,,,,,
141,va dmv registration ,0.1089,1,sensedisambiguation.replace,0.1314,virginia dmv registration ,,,,,,,,,,,,,,,,,,,,,,,,,,,,,,,,,,,,,,,,,,,,,
142,illinois state tax ,0.1472,0,,,,,,,,,,,,,,,,,,,,,,,,,,,,,,,,,,,,,,,,,,,,,,,,
143,arkadelphia health club ,0.0,0,,,,,,,,,,,,,,,,,,,,,,,,,,,,,,,,,,,,,,,,,,,,,,,,
144,trombone for sale ,0.0961,0,,,,,,,,,,,,,,,,,,,,,,,,,,,,,,,,,,,,,,,,,,,,,,,,
145,vines for shade ,0.1029,1,onfields.topn3.10.1.0.qld,0.1148,"{'shade': 2, 'for': 2, 'vine': 2, 'flower': 1.065, 'grow': 1.032, 'plant': 1.03, 'climb': 1.022, 'vineyard': 1.02, 'trumpet': 1.017, 'potato': 1.014, 'tattoo': 1.013, 'invas': 1.007, 'ivi': 1.003} ",,,,,,,,,,,,,,,,,,,,,,,,,,,,,,,,,,,,,,,,,,,,,
146,sherwood regional library ,0.1648,1,adaponfields.topn3.exgov2.4.0.25.10.1.0.qld,0.2378,"{'region': 2, 'librari': 2, 'sherwood': 2, 'endedit': 1.266, 'beginedit': 1.266, 'fairfax': 1.19, 'fcpl': 1.177, 'tysonspimmit': 1.127, 'beginlibraryitem': 1.101, 'endlibraryitem': 1.101, 'libraryhorizontallinelbi': 1.076} ",,,,,,,,,,,,,,,,,,,,,,,,,,,,,,,,,,,,,,,,,,,,,
147,tangible personal property tax ,0.3454,1,relevancefeedback.topn10.qld,0.3871,tangible personal property tax properti vehicl person ,,,,,,,,,,,,,,,,,,,,,,,,,,,,,,,,,,,,,,,,,,,,,
148,martha stewart and imclone ,0.2446,10,wiki.topn3,0.3095,martha stewart imclone money  magazine  amanda hesser brandweek Martha Stewart health maintenancorganization corporatraid pharmaceutical research and manufacturers of america ImClone Systems ,glove.topn3,0.2747,martha stewart imclone stewart lehf campbell payne waksal genentech ,onfields.topn3.10.1.0.qld,0.2621,"{'and': 2, 'imclon': 2, 'stewart': 2, 'martha': 2, 'washington': 1.031, 'recip': 1.03, 'bacanov': 1.02, 'faneuil': 1.017, 'waksal': 1.016, 'var': 1.015, 'munizzi': 1.008, 'moreon': 1.005} ",bertqe.topn10.qld,0.2595,"{'martha stewart and imclone': 1.5, ' href  windexphp  titlemarthastewart  imclone   amp  redirectno  title  martha stewart  imclone    martha': 1.0, 'stewart  imclone   a    div   div id  jumptonav   jump ': 0.9705882352941176, 'imclone  br  martha coulter': 0.9411764705882353, 'imclone  martha stewart biography ': 0.6470588235294118, 'imclone stock': 0.5588235294117647} ",tagmee.topn3,0.2562,martha stewart imclone Martha Stewart ImClone Systems ,conceptluster.topn5.3.qld,0.2562,martha stewart imclone imclone systems martha stewart ,tagmee.topn3.replace,0.2545,Martha Stewart ImClone Systems ,adaponfields.topn3.exgov2.4.0.25.10.1.0.qld,0.2516,"{'and': 2, 'martha': 2, 'stewart': 2, 'imclon': 2, 'ms': 1.8, 'bacanov': 1.612, 'committe': 1.416, 'waksal': 1.356, 'appendix': 1.32, 'faneuil': 1.236, 'lynch': 1.208, 'merril': 1.208, 'hereto': 1.152} ",wiki.topn3.replace,0.2491,money  magazine  amanda hesser brandweek Martha Stewart health maintenancorganization corporatraid pharmaceutical research and manufacturers of america ImClone Systems ,termluster.topn5.3.qld,0.2458,martha stewart imclone live new stewart live martha new time stock stewart ,,,,,,,,,,,,,,,,,,
149,uplift at yellowstone national park ,0.1531,6,word2vec.topn3,0.2519,uplift yellowstone national park yosemite supervolcano super volcano regional international local parkland ,termluster.topn5.3.qld,0.1794,uplift yellowstone national park              activ yvo year wyom yvo yellowston year              activ ,relevancefeedback.topn10.qld,0.1727,uplift at yellowstone national park yellowston ,docluster.topn10.3.qld,0.1727,uplift at yellowstone national park yellowston ,word2vec.topn3.replace,0.1654,uplift yosemite supervolcano super volcano regional international local parkland ,sensedisambiguation.replace,0.1554,uplift at yellowstone national parking lot ,,,,,,,,,,,,,,,,,,,,,,,,,,,,,,
150,tn highway patrol ,0.0061,2,sensedisambiguation,0.0076,tn tennessee highway patrol ,conceptnet.topn3,0.0068,tn highway patrol Tennessee bn mtl ,,,,,,,,,,,,,,,,,,,,,,,,,,,,,,,,,,,,,,,,,,
151,   b ,0.0,11,bertqe.topn10.qld,0.1536,"{'403b': 1.5, 'b 64117  b': 1.0, '452620  b b bcb b': 0.2483262325015218, '452912  b b bc b': 0.22215459525258682, '452614  ba b b': 0.1448569689592209, '452042  b b c bb': 0.12964090079123558} ",adaponfields.topn3.exgov2.4.0.25.10.1.0.qld,0.097,"{'in': 2.0, '403b': 2, 'hous': 1.081, 'usc': 1.056, 'newsbulletin': 1.038, 'compens': 1.031, 'costofliv': 1.025, 'taxdef': 1.025, 'nonhous': 1.025, 'highcost': 1.019, 'vc4': 1.012} ",wiki.topn3,0.0637,   b     plan federal employees retirement system roth     k      b  ,termluster.topn5.3.qld,0.0629,   b contribut monei plan ,onfields.topn3.10.1.0.qld,0.0397,"{'403b': 2, 'b': 2.0, 'c': 1.063, 'bb': 1.05, 'bournemouth': 1.048, 'bbbournemouth': 1.012, 'hous': 1.003, '1202': 1.002, 'homestay': 1.001, '01202': 1.001, 'pppn': 1.001, 'bbextern': 1.001} ",wiki.topn3.replace,0.0314,    plan federal employees retirement system roth     k      b  ,relevancefeedback.topn10.qld,0.0141,   b loan contribut download roth tax ,word2vec.topn3,0.0136,   b participant directed retirement savings ,rm3.topn10.10.0.5.qld,0.0071,monei    k    b rule retir roth distribut ira contribut loan ,word2vec.topn3.replace,0.0045,participant directed retirement savings ,docluster.topn10.3.qld,0.0021,   b roth download ,,,,,,,,,,,,,,,
152,angular cheilitis ,0.0,0,,,,,,,,,,,,,,,,,,,,,,,,,,,,,,,,,,,,,,,,,,,,,,,,
153,pocono ,0.2921,0,,,,,,,,,,,,,,,,,,,,,,,,,,,,,,,,,,,,,,,,,,,,,,,,
154,figs ,0.0418,1,wordnet.topn3,0.1116,figs Ficus carica Libyan Islamic Fighting Group ,,,,,,,,,,,,,,,,,,,,,,,,,,,,,,,,,,,,,,,,,,,,,
155,last supper painting ,0.2128,1,rm3.topn10.10.0.5.qld,0.2532,paint supper leonardo last apostl tour da jesu juda figur vinci ,,,,,,,,,,,,,,,,,,,,,,,,,,,,,,,,,,,,,,,,,,,,,
156,university of phoenix ,0.1082,0,,,,,,,,,,,,,,,,,,,,,,,,,,,,,,,,,,,,,,,,,,,,,,,,
157,the beatles rock band ,0.0714,12,tagmee.topn3.replace,0.2355,The Beatles  album  The Beatles  Rock Band ,tagmee.topn3,0.205,beatles rock band The Beatles  album  The Beatles  Rock Band ,conceptluster.topn5.3.qld,0.205,beatles rock band beatles   rock band beatles album ,glove.topn3,0.1687,beatles rock band lennon mccartney band pop album ,wiki.topn3,0.1627,beatles rock band a hard day s night  album  rubber soul pleaspleasme The Beatles  album  list of songs in thbeatles  rock band thbeatles  thoriginal studio recordings  thbeatles in mono The Beatles  Rock Band ,termluster.topn5.3.qld,0.1592,beatles rock band titl song rock album band beatl album beatl music ,relevancefeedback.topn10.qld,0.1367,the beatles rock band beatl game ,wiki.topn3.replace,0.1223,a hard day s night  album  rubber soul pleaspleasme The Beatles  album  list of songs in thbeatles  rock band thbeatles  thoriginal studio recordings  thbeatles in mono The Beatles  Rock Band ,glove.topn3.replace,0.1133,lennon mccartney band pop album ,conceptnet.topn3.replace,0.1,beatles music stone group ,bertqe.topn10.qld,0.0904,"{'the beatles rock band': 1.5, ' beatles version rock band ': 1.0, 'beatles rock band title ': 1.0, 'beatles tribute band ': 0.9726027397260274, 'beatles best rock band ': 0.9726027397260274, 'ringo starr  along': 0.7123287671232876} ",word2vec.topn3,0.0788,beatles rock band tulisa martina blacksheep boulder drummer ,,,,,,,,,,,,
158,septic system design ,0.4015,1,rm3.topn10.10.0.5.qld,0.4109,bed system septic inspect tank field pump treatment design shall test altern ,,,,,,,,,,,,,,,,,,,,,,,,,,,,,,,,,,,,,,,,,,,,,
159,porterville ,0.2459,3,tagmee.topn3,0.2546,porterville Porterville  California ,conceptluster.topn5.3.qld,0.2546,porterville porterville california ,bertqe.topn10.qld,0.246,"{'porterville': 1.5, 'porterville  california  i   p   font   font   p ': 1.0, 'porterville  porterville  california   title  best western': 0.3333333333333333, 'porterville  california   ca 93257  span   div': 0.3333333333333333, 'porterville destroyed': 0.0, 'porterville  p   p   name  education  id  education    a   p   h2   span': 0.0} ",,,,,,,,,,,,,,,,,,,,,,,,,,,,,,,,,,,,,,,
160,grilling ,0.0122,1,wiki.topn3,0.0283,grilling seasoning deep frying condiment Grilling ,,,,,,,,,,,,,,,,,,,,,,,,,,,,,,,,,,,,,,,,,,,,,
161,furniture for small spaces ,0.0283,2,sensedisambiguation,0.0338,furniture for small spaces space ,thesaurus.topn3,0.0289,furniture small spaces  appliance bed  cramped limited  area arena ,,,,,,,,,,,,,,,,,,,,,,,,,,,,,,,,,,,,,,,,,,
162,dnr ,0.0346,0,,,,,,,,,,,,,,,,,,,,,,,,,,,,,,,,,,,,,,,,,,,,,,,,
163,arkansas ,0.0303,2,conceptnet.topn3,0.1014,arkansas a state ,bertqe.topn10.qld,0.0304,"{'arkansas': 1.5, 'arkansas  a   li   ul   h3  f  h3   ul   li   href  wikifargo  arkansas  title  fargo ': 1.0, 'arkansas  a   li   ul   h3  u  h3   ul   li   href  wikiulm  arkansas  title  ulm ': 0.6666666666666666, 'arkansas  a   br   href  arlitttlerock  target  top   litttle rock  arkansas  a   br  ': 0.6666666666666666, 'arkansas  ar   h2   br    center   href  http  wwwdoctortreeorgclicksgradeshtml ': 0.3333333333333333, 'arkansas  a   br   href  arnorthlittlerock  target  top   north little rock ': 0.3333333333333333} ",,,,,,,,,,,,,,,,,,,,,,,,,,,,,,,,,,,,,,,,,,
164,hobby stores ,0.0329,0,,,,,,,,,,,,,,,,,,,,,,,,,,,,,,,,,,,,,,,,,,,,,,,,
165,blue throated hummingbird ,0.0018,1,termluster.topn5.3.qld,0.0039,blue throated hummingbird free hummingbird lamporni wikipedia white page blue free lamporni ,,,,,,,,,,,,,,,,,,,,,,,,,,,,,,,,,,,,,,,,,,,,,
166,computer programming ,0.0051,5,word2vec.topn3,0.0118,computer programming software programmers ,conceptnet.topn3,0.011,computer programming call by reference library ,relevancefeedback.topn10.qld,0.0071,computer programming comput program languag ,adaponfields.topn3.exgov2.4.0.25.10.1.0.qld,0.0058,"{'comput': 2, 'program': 2} ",sensedisambiguation,0.0057,computer programming program ,,,,,,,,,,,,,,,,,,,,,,,,,,,,,,,,,
167,barbados ,0.0186,3,wiki.topn3.replace,0.0689,islands of barbados barbados saint lucia Barbados ,wiki.topn3,0.0639,barbados islands of barbados barbados saint lucia Barbados ,adaponfields.topn3.exgov2.4.0.25.10.1.0.qld,0.0572,"{'na': 2.0, 'barbado': 2, 'tel': 1.383, 'fax': 1.231, 'export': 1.148, 'caribbean': 1.125, 'bridgetown': 1.119, 'hous': 1.089, 'barbadian': 1.065, 'caricom': 1.047, 'bidc': 1.033} ",,,,,,,,,,,,,,,,,,,,,,,,,,,,,,,,,,,,,,,
168,lipoma ,0.2925,0,,,,,,,,,,,,,,,,,,,,,,,,,,,,,,,,,,,,,,,,,,,,,,,,
169,battles in the civil war ,0.0868,6,thesaurus.topn3,0.1957,battles civil war  action assault   battle bloodshed ,termluster.topn5.3.qld,0.19,battles civil war war union timelin american battl book american battl book ,conceptnet.topn3,0.1089,battles civil war battle ,relevancefeedback.topn10.qld,0.1089,battles in the civil war battl ,docluster.topn10.3.qld,0.1089,battles in the civil war battl ,thesaurus.topn3.replace,0.0873, action assault civil  battle bloodshed ,,,,,,,,,,,,,,,,,,,,,,,,,,,,,,
170,scooters ,0.0055,2,sensedisambiguation.replace,0.0221,water scooter ,sensedisambiguation,0.0208,scooters water scooter ,,,,,,,,,,,,,,,,,,,,,,,,,,,,,,,,,,,,,,,,,,
171,ron howard ,0.1245,0,,,,,,,,,,,,,,,,,,,,,,,,,,,,,,,,,,,,,,,,,,,,,,,,
172,becoming a paralegal ,0.2168,4,tagmee.topn3,0.2708,becoming paralegal Paralegal ,relevancefeedback.topn10.qld,0.2708,becoming a paralegal paraleg ,docluster.topn10.3.qld,0.2708,becoming a paralegal paraleg ,conceptluster.topn5.3.qld,0.2708,becoming paralegal paralegal ,,,,,,,,,,,,,,,,,,,,,,,,,,,,,,,,,,,,
173,hip fractures ,0.3259,0,,,,,,,,,,,,,,,,,,,,,,,,,,,,,,,,,,,,,,,,,,,,,,,,
174,rock art ,0.1006,2,wiki.topn3,0.135,rock art cavpainting petroglyph caves containing pictograms Rock art ,wiki.topn3.replace,0.1045,cavpainting petroglyph caves containing pictograms Rock art ,,,,,,,,,,,,,,,,,,,,,,,,,,,,,,,,,,,,,,,,,,
175,signs of a heartattack ,0.0255,8,termluster.topn5.3.qld,0.0929,signs heartattack warn treatment symptom attack heart sign ,onfields.topn3.10.1.0.qld,0.0443,"{'a': 2, 'of': 2, 'sign': 2, 'heart': 2.0, 'heartattack': 2, 'attack': 1.913, 'pub0000804126973313': 1.047, 'googlecolorbord': 1.047, 'googlecolorurl': 1.047, '5974861129': 1.047, 'googleadcli': 1.047, 'googlecolorlink': 1.047, 'googlecolortext': 1.047, 'googleadchannel': 1.047} ",tagmee.topn3,0.0434,signs heartattack Medical sign Myocardial infarction ,conceptluster.topn5.3.qld,0.0434,signs heartattack myocardial infarction medical sign ,tagmee.topn3.replace,0.0388,Medical sign Myocardial infarction ,docluster.topn10.3.qld,0.035,signs of a heartattack heart ,glove.topn3,0.0263,signs heartattack indicating ,stem.trunc5,0.0263,signs of a heart ,,,,,,,,,,,,,,,,,,,,,,,,
176,weather strip ,0.0004,7,tagmee.topn3.replace,0.4649,Weatherstripping ,tagmee.topn3,0.079,weather strip Weatherstripping ,conceptluster.topn5.3.qld,0.079,weather strip weatherstripping ,wiki.topn3,0.0076,weather strip cryogenic deflashing heat fusion melt  manufacturing  Weatherstripping ,termluster.topn5.3.qld,0.003,weather strip strip door weather door ,rm3.topn10.10.0.5.qld,0.0024,weather cme strip girl forecast door stripper cheroke jeep bottom ,wiki.topn3.replace,0.0011,cryogenic deflashing heat fusion melt  manufacturing  Weatherstripping ,,,,,,,,,,,,,,,,,,,,,,,,,,,
177,best long term care insurance ,0.0852,3,sensedisambiguation,0.1647,best better long term terminus care concern insurance policy ,wordnet.topn3,0.1092,best long term care insurance dear near skillful yearn tenacious full term terminal figure terminus wish forethought tending insurance policy indemnity ,word2vec.topn3,0.0902,best long term care insurance worst finest easiest short lengthy long  phrase care  premiums ,,,,,,,,,,,,,,,,,,,,,,,,,,,,,,,,,,,,,,,
178,pork tenderloin ,0.0581,0,,,,,,,,,,,,,,,,,,,,,,,,,,,,,,,,,,,,,,,,,,,,,,,,
179,black history ,0.0217,0,,,,,,,,,,,,,,,,,,,,,,,,,,,,,,,,,,,,,,,,,,,,,,,,
180,newyork hotels ,0.0056,0,,,,,,,,,,,,,,,,,,,,,,,,,,,,,,,,,,,,,,,,,,,,,,,,
181,old coins ,0.0244,1,wiki.topn3,0.0249,old coins rastafarian texts old testament hebrew bible Old Testament gold coin mint  coin  numismatics Coin ,,,,,,,,,,,,,,,,,,,,,,,,,,,,,,,,,,,,,,,,,,,,,
182,quit smoking ,0.1327,0,,,,,,,,,,,,,,,,,,,,,,,,,,,,,,,,,,,,,,,,,,,,,,,,
183,kansas city mo ,0.0042,16,wiki.topn3.replace,0.2639,kansas missouri nebraska Kansas cities in platte county  missouri cities in cass county  missouri cities in jackson county  missouri Kansas City  Missouri ,wiki.topn3,0.2549,kansas city mo kansas missouri nebraska Kansas cities in platte county  missouri cities in cass county  missouri cities in jackson county  missouri Kansas City  Missouri ,rm3.topn10.10.0.5.qld,0.1326,mo park     dr counti swope zoo citi kansa missouri wed ,tagmee.topn3.replace,0.1014,Kansas Kansas City  Missouri ,wordnet.topn3,0.0664,kansas city mo Kaw River urban center metropolis bit Mo minute ,conceptnet.topn3,0.0457,kansas city mo the United States Dodge City capital town Missouri molybdenum ,sensedisambiguation.replace,0.0408,kansa city moment ,tagmee.topn3,0.0373,kansas city mo Kansas Kansas City  Missouri ,conceptluster.topn5.3.qld,0.0373,kansas city mo kansas city missouri kansas ,termluster.topn5.3.qld,0.0268,kansas city mo new citi center new kansa center ,anchor.topn3.replace,0.0251,kansas city kayor kaya    ipaghiganti ,glove.topn3,0.0202,kansas city mo missouri oklahoma town d  l zheed ,relevancefeedback.topn10.qld,0.0156,kansas city mo citi kansa ,docluster.topn10.3.qld,0.0156,kansas city mo kansa citi ,wordnet.topn3.replace,0.006999999999999999,Sunflower State Kaw River metropolis urban center bit Show Me State minute ,sensedisambiguation,0.0047,kansas kansa city mo moment 
184,civil right movement ,0.1485,5,tagmee.topn3.replace,0.2816,Civil and political rights Freedom of movement ,tagmee.topn3,0.2335,civil right movement Civil and political rights Freedom of movement ,conceptluster.topn5.3.qld,0.2335,civil right movement freedom movement civil political rights ,wiki.topn3,0.2266,civil right movement rights civil liberties anti racism Civil and political rights united nations charter freedom of assembly territorial integrity Freedom of movement ,thesaurus.topn3,0.1702,civil right movement   appropriate good  act action ,,,,,,,,,,,,,,,,,,,,,,,,,,,,,,,,,
185,credit report ,0.0214,1,adaponfields.topn3.exgov2.4.0.25.10.1.0.qld,0.0491,"{'report': 2, 'credit': 2, 'bureau': 1.215, '30003500': 1.03, '26002600': 1.03, '38004200': 1.03, '19802770': 1.03, '42305170': 1.03, '19752759': 1.03, '18502600': 1.03, '18752675': 1.03, '25003350': 1.03} ",,,,,,,,,,,,,,,,,,,,,,,,,,,,,,,,,,,,,,,,,,,,,
186,unc ,0.0491,0,,,,,,,,,,,,,,,,,,,,,,,,,,,,,,,,,,,,,,,,,,,,,,,,
187,vanuatu ,0.0894,5,wordnet.topn3,0.3074,vanuatu Republic of Vanuatu New Hebrides ,wordnet.topn3.replace,0.2866,New Hebrides Republic of Vanuatu ,conceptnet.topn3,0.1552,vanuatu New Hebrides ,adaponfields.topn3.exgov2.4.0.25.10.1.0.qld,0.139,"{'vanuatu': 2, 'minist': 1.333, 'prime': 1.24, 'consular': 1.14, 'pati': 1.093, 'melanesian': 1.093, 'nivanuatu': 1.093, 'vanuaaku': 1.093, 'espiritu': 1.078, 'natapei': 1.062, '52member': 1.031} ",wiki.topn3,0.1252,vanuatu vanuatu samoa palau Vanuatu ,,,,,,,,,,,,,,,,,,,,,,,,,,,,,,,,,
188,internet phone service ,0.0058,0,,,,,,,,,,,,,,,,,,,,,,,,,,,,,,,,,,,,,,,,,,,,,,,,
189,gs pay rate ,0.0168,1,sensedisambiguation,0.0193,gs thousand pay wage rate ,,,,,,,,,,,,,,,,,,,,,,,,,,,,,,,,,,,,,,,,,,,,,
190,brooks brothers clearance ,0.0651,2,relevancefeedback.topn10.qld,0.1768,brooks brothers clearance brook off brother cash save coupon price ,docluster.topn10.3.qld,0.1059,brooks brothers clearance brook brother coupon off ,,,,,,,,,,,,,,,,,,,,,,,,,,,,,,,,,,,,,,,,,,
191,churchill downs ,0.07400000000000001,1,relevancefeedback.topn10.qld,0.0764,churchill downs churchil down plai ,,,,,,,,,,,,,,,,,,,,,,,,,,,,,,,,,,,,,,,,,,,,,
192,condos in florida ,0.0399,0,,,,,,,,,,,,,,,,,,,,,,,,,,,,,,,,,,,,,,,,,,,,,,,,
193,dog clean up bags ,0.1044,2,relevancefeedback.topn10.qld,0.1255,dog clean up bags bag ,termluster.topn5.3.qld,0.1176,dog clean bags bag cat clean bag cat dog wast suppli pick ,,,,,,,,,,,,,,,,,,,,,,,,,,,,,,,,,,,,,,,,,,
194,designer dog breeds ,0.8362,6,tagmee.topn3,0.8879,designer dog breeds Dog crossbreed Dog breed ,conceptluster.topn5.3.qld,0.8879,designer dog breeds dog breed dog crossbreed ,tagmee.topn3.replace,0.8789,Dog crossbreed Dog breed ,onfields.topn3.10.1.0.qld,0.8784,"{'design': 2, 'dog': 2, 'breed': 2, 'cat': 1.087, 'hors': 1.039, 'hybrid': 1.036, 'crossbre': 1.031, 'sheep': 1.024, 'poodl': 1.024, 'cattl': 1.023, 'purebr': 1.021, 'cockapoo': 1.017} ",rm3.topn10.10.0.5.qld,0.8762,puppi hybrid purebr breeder design cross breed crossbr crossbre dog poodl ,termluster.topn5.3.qld,0.8625,designer dog breeds work wolf weight anim breeder club type two time ,,,,,,,,,,,,,,,,,,,,,,,,,,,,,,
195,pressure washers ,0.0104,0,,,,,,,,,,,,,,,,,,,,,,,,,,,,,,,,,,,,,,,,,,,,,,,,
196,sore throat ,0.1724,2,adaponfields.topn3.exgov2.4.0.25.10.1.0.qld,0.2954,"{'sore': 2, 'throat': 2, 'strep': 1.324, 'caus': 1.286, 'pain': 1.21, 'fever': 1.21, 'antibiot': 1.21, 'tonsil': 1.124, 'swollen': 1.086, 'mononucleosi': 1.086, 'rheumat': 1.076} ",onfields.topn3.10.1.0.qld,0.2559,"{'sore': 2, 'throat': 2, 'deep': 1.127, 'caus': 1.127, 'strep': 1.096, 'young': 1.094, 'infect': 1.069, 'symptom': 1.047, 'fever': 1.045, 'mononucleosi': 1.034, 'diseas': 1.024} ",,,,,,,,,,,,,,,,,,,,,,,,,,,,,,,,,,,,,,,,,,
197,idaho state flower ,0.1574,2,wiki.topn3,0.2386,idaho state flower idaho montana montana Idaho john bellenden ker gawler magnolia campbellii list of tregenera Floral emblem ,sensedisambiguation,0.1726,idaho state state of matter flower ,,,,,,,,,,,,,,,,,,,,,,,,,,,,,,,,,,,,,,,,,,
198,indiana state fairgrounds ,0.2042,1,rm3.topn10.10.0.5.qld,0.2431,state indiana chapter counti fair fairground pm indianapoli skate coliseum pepsi ,,,,,,,,,,,,,,,,,,,,,,,,,,,,,,,,,,,,,,,,,,,,,
199,fybromyalgia ,0.0132,5,tagmee.topn3.replace,0.2046,Fibromyalgia ,tagmee.topn3,0.1098,fybromyalgia Fibromyalgia ,conceptluster.topn5.3.qld,0.1098,fybromyalgia fibromyalgia ,wiki.topn3,0.0182,fybromyalgia urinary incontinence chronic pain comorbidity Fibromyalgia ,bertqe.topn10.qld,0.0161,"{'fybromyalgia': 1.5, 'common symptoms fybromyalgia include   br': 1.0, 'title  view posts fybromyalgia ': 0.3125668449197861, ' title  fybromyalgia  title   meta httpequiv  contenttype  content  texthtml  charsetutf8   ': 0.2909090909090909, 'fybromyalgia rsd': 0.2358288770053476, 'posts fybromyalgia  rel  category': 0.11336898395721935} ",,,,,,,,,,,,,,,,,,,,,,,,,,,,,,,,,
200,ontario california airport ,0.1905,1,thesaurus.topn3,0.2765,ontario california airport   Bear Flag State Cal  airfield airstrip ,,,,,,,,,,,,,,,,,,,,,,,,,,,,,,,,,,,,,,,,,,,,,
